,ID,acreage,so_PN,so_WC,price,frontage,area,city
0,269453,37.0,3.097070692644337,2.9854199389160296,165354402.83555272,1,Bắc Từ Liêm,Hà Nội
1,269452,20.0,2.942311671968294,2.8473233215798297,165354402.83552825,0,Bắc Từ Liêm,Hà Nội
2,269451,65.11041387579814,3.3529730527747352,3.213770119396517,165354402.8355932,0,Bắc Từ Liêm,Hà Nội
3,269450,65.11041387579814,3.3529730527747352,3.213770119396517,165354402.8355932,0,Bắc Từ Liêm,Hà Nội
4,269449,65.11041387579814,3.3529730527747352,3.213770119396517,165354402.8355932,0,Nam Từ Liêm,Hà Nội
5,269448,65.11041387579814,3.3529730527747352,3.213770119396517,165354402.8355932,0,Bắc Từ Liêm,Hà Nội
6,269447,65.11041387579814,3.3529730527747352,3.213770119396517,165354402.8355932,0,Nam Từ Liêm,Hà Nội
7,269445,65.11041387579814,3.3529730527747352,3.213770119396517,165354402.8355932,1,Nam Từ Liêm,Hà Nội
8,269444,65.11041387579814,3.3529730527747352,3.213770119396517,165354402.8355932,0,Nam Từ Liêm,Hà Nội
9,269442,65.11041387579814,3.3529730527747352,3.213770119396517,165354402.8355932,0,Nam Từ Liêm,Hà Nội
10,269441,65.11041387579814,3.3529730527747352,3.213770119396517,165354402.8355932,0,Nam Từ Liêm,Hà Nội
11,269440,65.11041387579814,3.3529730527747352,3.213770119396517,165354402.8355932,1,Nam Từ Liêm,Hà Nội
12,269439,65.11041387579814,3.3529730527747352,3.213770119396517,165354402.8355932,0,Hà Đông,Hà Nội
13,269438,65.11041387579814,3.3529730527747352,3.213770119396517,165354402.8355932,0,Hoài Đức,Hà Nội
14,269437,65.11041387579814,3.3529730527747352,3.213770119396517,165354402.8355932,0,Hà Đông,Hà Nội
15,269436,65.11041387579814,3.3529730527747352,3.213770119396517,165354402.8355932,0,Hà Đông,Hà Nội
16,269435,65.11041387579814,3.3529730527747352,3.213770119396517,165354402.8355932,0,Sóc Sơn,Hà Nội
17,269434,68.33413331549879,1.6529251581998228,1.0,165354402.83559772,0,Hà Đông,Hà Nội
18,269433,58.785495469999624,2.0,2.0,3.95,0,Tân Bình,TP Hồ Chí Minh
19,269432,54.53440219124311,1.0,1.0,2.15,0,Tân Bình,TP Hồ Chí Minh
20,269431,52.0,3.2336227697114337,3.1072698953891464,165354402.83557433,0,Hà Đông,Hà Nội
21,269430,40.0,3.1243811080577566,3.009789930210653,165354402.83555704,1,Quốc Oai,Hà Nội
22,269429,56.0,3.270036656929326,3.139763217115311,165354402.83558008,0,Hà Đông,Hà Nội
23,269428,56.0,3.270036656929326,3.139763217115311,165354402.83558008,1,Hà Đông,Hà Nội
24,269427,48.0,3.1972088824935416,3.074776573662982,165354402.83556855,0,Hà Đông,Hà Nội
25,269426,65.11041387579814,3.3529730527747352,3.213770119396517,165354402.8355932,0,Hà Đông,Hà Nội
26,269425,60.0,3.3064505441472183,3.172256538841475,165354402.83558583,1,Hà Đông,Hà Nội
27,269423,65.11041387579814,3.3529730527747352,3.213770119396517,165354402.8355932,1,Hà Đông,Hà Nội
28,269422,68.83060439968483,4.0,3.7774841294054293,165354402.83559856,0,Hà Đông,Hà Nội
29,269421,65.11041387579814,3.3529730527747352,3.213770119396517,165354402.8355932,0,Hà Đông,Hà Nội
30,269419,65.11041387579814,3.3529730527747352,3.213770119396517,165354402.8355932,0,Hà Đông,Hà Nội
31,269416,65.11041387579814,3.3529730527747352,3.213770119396517,165354402.8355932,0,Hà Đông,Hà Nội
32,269415,65.11041387579814,3.3529730527747352,3.213770119396517,165354402.8355932,0,Hà Đông,Hà Nội
33,269413,64.86492274531011,3.356493387564115,3.202604952961363,13.8,0,Cầu Giấy,Hà Nội
34,269412,68.79473226038151,4.0,3.0,13.5,1,Quận 10,TP Hồ Chí Minh
35,269411,54.53440219235659,1.0,1.0,2.9,0,Bình Tân,TP Hồ Chí Minh
36,269410,64.86492273788693,3.356493387670563,3.20260495262375,8.8,1,Tân Bình,TP Hồ Chí Minh
37,269407,57.2784452401007,2.0,3.0,0.00045,1,Hóc Môn,TP Hồ Chí Minh
38,269406,57.278445248265534,2.0,3.0,5.5,0,Tiểu Cần,Trà Vinh
39,269405,68.65579281892832,3.0,4.0,4800000000.0,0,Tân Bình,TP Hồ Chí Minh
40,269402,71.0,2.0,3.0,0.000284,0,Trà Vinh,Trà Vinh
41,269396,56.0,1.0,1.0,2.9,0,Bình Tân,TP Hồ Chí Minh
42,269395,52.0,2.0,2.0,3.15,0,Quận 8,TP Hồ Chí Minh
43,269394,100.0,3.670589416326143,3.497189756103121,165354402.8356434,0,Thanh Xuân,Hà Nội
44,269393,100.0,3.670589416326143,3.497189756103121,165354402.8356434,0,Thanh Xuân,Hà Nội
45,269388,63.0,6.0,5.51644675408086,165354402.83559024,0,Đống Đa,Hà Nội
46,269387,74.0,6.0,5.5186759428344025,165354402.8356061,0,Đống Đa,Hà Nội
47,269386,60.0,2.0,1.0,6.6,0,Hồng Bàng,Hải Phòng
48,269384,150.0,4.0,6.0,17.9,1,Cầu Giấy,Hà Nội
49,269383,65.11041387579814,3.3529730527747352,3.213770119396517,165354402.8355932,0,Cầu Giấy,Hà Nội
50,269382,65.11041387579814,3.3529730527747352,3.213770119396517,165354402.8355932,0,Cầu Giấy,Hà Nội
51,269381,65.11041387579814,3.3529730527747352,3.213770119396517,165354402.8355932,1,Cầu Giấy,Hà Nội
52,269380,65.11041387579814,3.3529730527747352,3.213770119396517,165354402.8355932,0,Cầu Giấy,Hà Nội
53,269379,65.11041387579814,3.3529730527747352,3.213770119396517,165354402.8355932,1,Cầu Giấy,Hà Nội
54,269378,65.11041387579814,3.3529730527747352,3.213770119396517,165354402.8355932,1,Cầu Giấy,Hà Nội
55,269376,57.06882625708083,2.0,2.020777983837159,5.8,0,Quận 11,TP Hồ Chí Minh
56,269373,68.58511325576085,4.0,3.7632560170783864,4.75,0,Hà Đông,Hà Nội
57,269370,65.11041387579814,3.3529730527747352,3.213770119396517,165354402.8355932,0,Bắc Từ Liêm,Hà Nội
58,269369,65.11041387579814,3.3529730527747352,3.213770119396517,165354402.8355932,0,Bắc Từ Liêm,Hà Nội
59,269367,65.11041387579814,3.3529730527747352,3.213770119396517,165354402.8355932,0,Bắc Từ Liêm,Hà Nội
60,269366,49.0,3.2063123542980145,3.082899904094523,165354402.83557,0,Nam Từ Liêm,Hà Nội
61,269365,139.0,3.0,2.0,4.5,0,Gò Vấp,TP Hồ Chí Minh
62,269363,50.0,3.2154158261024874,3.0910232345260638,165354402.83557144,0,Bắc Từ Liêm,Hà Nội
63,269362,65.11041387579814,3.3529730527747352,3.213770119396517,165354402.8355932,0,Nam Từ Liêm,Hà Nội
64,269361,65.11041387579814,3.3529730527747352,3.213770119396517,165354402.8355932,0,Bắc Từ Liêm,Hà Nội
65,269360,65.11041387579814,3.3529730527747352,3.213770119396517,165354402.8355932,0,Tây Hồ,Hà Nội
66,269359,68.7947322477621,4.0,3.0,5.0,0,Biên Hòa,Đồng Nai
67,269358,65.11041387579814,3.3529730527747352,3.213770119396517,165354402.8355932,0,Bắc Từ Liêm,Hà Nội
68,269357,65.11041387579814,3.3529730527747352,3.213770119396517,165354402.8355932,0,Bắc Từ Liêm,Hà Nội
69,269356,65.11041387579814,3.3529730527747352,3.213770119396517,165354402.8355932,0,Nam Từ Liêm,Hà Nội
70,269354,65.11041387579814,3.3529730527747352,3.213770119396517,165354402.8355932,0,Bắc Từ Liêm,Hà Nội
71,269353,65.11041387579814,3.3529730527747352,3.213770119396517,165354402.8355932,0,Bắc Từ Liêm,Hà Nội
72,269350,65.11041387579814,3.3529730527747352,3.213770119396517,165354402.8355932,0,Bắc Từ Liêm,Hà Nội
73,269349,64.54363896425602,3.0,2.0,0.00085,0,Biên Hòa,Đồng Nai
74,269348,65.11041387579814,3.3529730527747352,3.213770119396517,165354402.8355932,0,Bắc Từ Liêm,Hà Nội
75,269347,65.11041387579814,3.3529730527747352,3.213770119396517,165354402.8355932,0,Bắc Từ Liêm,Hà Nội
76,269346,65.11041387579814,3.3529730527747352,3.213770119396517,165354402.8355932,0,Bắc Từ Liêm,Hà Nội
77,269345,65.11041387579814,3.3529730527747352,3.213770119396517,165354402.8355932,1,Bắc Từ Liêm,Hà Nội
78,269343,65.11041387579814,3.3529730527747352,3.213770119396517,165354402.8355932,0,Hà Đông,Hà Nội
79,269342,65.11041387579814,3.3529730527747352,3.213770119396517,165354402.8355932,0,Hà Đông,Hà Nội
80,269341,60.0,3.3064505441472183,3.172256538841475,165354402.83558583,0,Hà Đông,Hà Nội
81,269338,48.0,3.1972088824935416,3.074776573662982,165354402.83556855,0,Hà Đông,Hà Nội
82,269337,58.0,4.0,6.0,7.8,0,Gò Vấp,TP Hồ Chí Minh
83,269336,60.0,3.3064505441472183,3.172256538841475,165354402.83558583,1,Cầu Giấy,Hà Nội
84,269335,34.0,3.069760277230918,2.961049947621406,165354402.8355484,0,Cầu Giấy,Hà Nội
85,269334,25.0,2.9878290309906594,2.8879399737375353,165354402.83553547,0,Cầu Giấy,Hà Nội
86,269333,38.0,3.1061741644488103,2.9935432693475703,165354402.83555415,0,Cầu Giấy,Hà Nội
87,269332,47.0,3.1881054106890683,3.066653243231441,165354402.83556712,1,Cầu Giấy,Hà Nội
88,269331,37.0,4.0,3.0,3.5,0,Hồng Bàng,Hải Phòng
89,269330,90.0,2.0,1.0,1.75,1,Thuận An,Bình Dương
90,269329,113.0,2.0,2.0,2.35,0,Quận 4,TP Hồ Chí Minh
91,269328,80.0,2.0,2.0,3300000000.0,0,Gò Vấp,TP Hồ Chí Minh
92,269327,58.0,3.2939987572881915,3.146838916515213,3.0,0,Đống Đa,Hà Nội
93,269326,64.86492272935027,3.3564933877929786,3.202604952235495,3.05,0,Hoàng Mai,Hà Nội
94,269325,64.86492274471627,3.356493387572631,3.2026049529343545,13.4,0,Đống Đa,Hà Nội
95,269324,60.55339115272484,5.630205628603137,6.0,73.0,1,Bình Thạnh,TP Hồ Chí Minh
96,269322,64.86492273414565,3.356493387724213,3.202604952453593,6.28,0,Từ Sơn,Bắc Ninh
97,269319,70.30178247135198,4.0,2.0,4.7,0,Bình Tân,TP Hồ Chí Minh
98,269318,66.02612294324437,4.0,5.0,165354402.83559462,0,Quận 7,TP Hồ Chí Minh
99,269317,67.28768202149988,4.0,4.0,3.5,1,Thủ Đức,TP Hồ Chí Minh
100,269312,45.0,2.0,2.0,3.95,0,Gò Vấp,TP Hồ Chí Minh
101,269310,60.0,2.0,2.0,3.95,0,Bình Tân,TP Hồ Chí Minh
102,269308,71.0,2.0,2.0,7.8,0,Tân Bình,TP Hồ Chí Minh
103,269306,150.0,4.131518163230808,3.894185316326806,4.98,0,Hà Đông,Hà Nội
104,269305,150.0,4.131518163230808,3.894185316326806,4.98,0,Hà Đông,Hà Nội
105,269304,78.0,4.0,4.0,13.6,1,Nam Từ Liêm,Hà Nội
106,269303,215.0,15.0,16.0,15.0,1,Bình Thạnh,TP Hồ Chí Minh
107,269301,100.0,3.0,2.0,0.00095,0,Vĩnh Cửu,Đồng Nai
108,269291,56.0,3.275791813383751,3.1305922561230073,11.49,1,Hà Đông,Hà Nội
109,269282,100.0,3.6763445731804625,3.4880187944735765,0.00048,0,Thủ Dầu Một,Bình Dương
110,269281,420.0,38.0,33.4169231754402,18.0,0,Thủ Đức,TP Hồ Chí Minh
111,269280,79.0,4.0,5.0,6.9,0,Quận 7,TP Hồ Chí Minh
112,269279,46.0,10.0,5.0,5.8,0,Nam Từ Liêm,Hà Nội
113,269278,118.0,4.0,3.0,5000000.0,1,Thủ Đức,TP Hồ Chí Minh
114,269275,45.0,3.0,4.0,165354402.8355643,0,Long Biên,Hà Nội
115,269273,66.0,9.0,8.113092677958885,7.0,0,Đống Đa,Hà Nội
116,269272,60.0,2.0,2.0,0.00048,0,Bến Cát,Bình Dương
117,269271,91.0,3.0,2.0,10.0,1,Gò Vấp,TP Hồ Chí Minh
118,269270,60.0,2.0,2.0,3.95,0,Bình Tân,TP Hồ Chí Minh
119,269269,38.0,4.0,4.0,5.3,0,Bắc Từ Liêm,Hà Nội
120,269267,42.0,3.0,3.0,4.2,0,Gò Vấp,TP Hồ Chí Minh
121,269266,64.0,6.0,4.0,8.5,0,Quận 11,TP Hồ Chí Minh
122,269265,51.0,3.2302744546011914,3.089975603583165,4.6,0,Long Biên,Hà Nội
123,269264,46.0,3.0,3.0,3.15,0,Hồng Bàng,Hải Phòng
124,269261,30.0,3.0333463900130253,2.9285566258952413,165354402.83554265,1,Tây Hồ,Hà Nội
125,269260,30.0,3.039101546749021,2.919385664454248,3.4,0,Hà Đông,Hà Nội
126,269259,64.0,3.348619588101109,3.195578899126644,3.4,0,Hà Đông,Hà Nội
127,269258,48.0,6.0,4.0,8.5,0,Quận 11,TP Hồ Chí Minh
128,269256,75.0,2.0,2.0,4.6,0,Gò Vấp,TP Hồ Chí Minh
129,269254,56.0,4.0,3.7607055996034435,5.5,1,Quận 6,TP Hồ Chí Minh
130,269252,60.0,2.0,1.0,4.9,0,Quận 7,TP Hồ Chí Minh
131,269251,34.0,3.0755154338938238,2.9518789862968835,5.5,0,Tân Bình,TP Hồ Chí Minh
132,269250,55.0,3.0,2.8904308375240007,6.0,1,Nam Từ Liêm,Hà Nội
133,269247,50.0,2.0,2.0,4.52,0,Quận 1,TP Hồ Chí Minh
134,269245,92.0,2.0,2.0,3.0,0,Quận 3,TP Hồ Chí Minh
135,269244,55.0,3.266688341109063,3.122468926440764,25.0,0,Long Biên,Hà Nội
136,269241,100.0,3.676344573109477,3.488018794586693,2.04,0,Thanh Trì,Hà Nội
137,269239,38.0,3.1119293213031267,2.9843723077180306,0.00048,0,Thủ Dầu Một,Bình Dương
138,269238,41.0,2.0,3.0,3.95,1,Tân Phú,TP Hồ Chí Minh
139,269237,68.79473224575784,4.0,3.0,3.65,1,Thanh Trì,Hà Nội
140,269236,66.0,2.0,2.0,18.6,0,Lê Chân,Hải Phòng
141,269233,100.0,1.0,1.0,7.9,0,Vũng Tàu,Bà Rịa Vũng Tàu
142,269229,50.0,2.0,2.0,2.95,0,Quận 5,TP Hồ Chí Minh
143,269225,112.0,3.0,2.0,1550000.0,0,Vĩnh Cửu,Đồng Nai
144,269224,66.0,4.0,4.0,10.8,0,Thanh Xuân,Hà Nội
145,269223,53.0,2.0,2.019953421964381,7.0,1,Gò Vấp,TP Hồ Chí Minh
146,269222,41.0,4.0,3.7576657968263025,6.3,0,Đống Đa,Hà Nội
147,269220,100.0,5.0,6.0,3.9,1,Bình Thạnh,TP Hồ Chí Minh
148,269218,60.0,2.0,2.0,4.0,0,Phú Nhuận,TP Hồ Chí Minh
149,269215,80.0,3.0,2.0,165354402.83561456,0,Biên Hòa,Đồng Nai
150,269212,48.0,2.0,2.0,2.0,0,Quận 5,TP Hồ Chí Minh
151,269211,64.0,4.0,4.0,8.6,0,Ngô Quyền,Hải Phòng
152,269210,120.0,4.0,3.0,5200000.0,1,Thủ Đức,TP Hồ Chí Minh
153,269209,57.0,5.0,5.0,5.99,0,Bình Tân,TP Hồ Chí Minh
154,269207,60.0,2.0,1.0,1500000.0,0,Huế,Thừa Thiên Huế
155,269205,150.0,5.0,4.0,14.0,0,Sơn Trà,Đà Nẵng
156,269204,150.0,5.0,4.0,14.0,0,Sơn Trà,Đà Nẵng
157,269201,53.0,3.248481398168372,3.1062222645128026,5.8,0,Long Biên,Hà Nội
158,269198,44.0,3.1665501519698793,3.0331122905623777,4.6,0,Hà Đông,Hà Nội
159,269195,41.0,5.0,4.627737905356973,5.5,1,Quận 10,TP Hồ Chí Minh
160,269192,30.0,3.0391013731905026,2.9193859410233416,4990.0,0,Tân Bình,TP Hồ Chí Minh
161,269191,92.0,2.0,4.0,27.6,0,Đống Đa,Hà Nội
162,269190,70.0,2.0,6.0,46.0,1,Hai Bà Trưng,Hà Nội
163,269189,80.0,2.0,2.0,15.0,0,Long Biên,Hà Nội
164,269188,35.0,6.0,4.0,4.15,0,Long Biên,Hà Nội
165,269187,240.0,2.0,4.0,89.5,1,Đống Đa,Hà Nội
166,269186,370.0,4.0,3.0,51.0,1,Long Biên,Hà Nội
167,269185,146.0,2.0,2.0,17.8,1,Long Biên,Hà Nội
168,269184,50.0,4.0,5.0,10.8,0,Long Biên,Hà Nội
169,269183,165.0,4.0,6.0,40.0,0,Hai Bà Trưng,Hà Nội
170,269182,115.0,1.0,1.0,25.5,1,Đống Đa,Hà Nội
171,269181,40.0,2.0,2.0,3.35,1,Bình Tân,TP Hồ Chí Minh
172,269180,65.0,3.357723059418312,3.2037022303346596,17.4,1,Hà Đông,Hà Nội
173,269177,45.0,3.0,2.888404302237775,5.35,0,Hai Bà Trưng,Hà Nội
174,269176,166.0,4.0,5.0,75.0,1,Hai Bà Trưng,Hà Nội
175,269174,85.0,3.5397924959115135,3.3661688383221167,5.8,0,Bình Tân,TP Hồ Chí Minh
176,269173,62.0,3.330412644345982,3.179332238496505,7.6,0,Long Biên,Hà Nội
177,269168,26.0,2.0,2.0,2.68,1,Quận 8,TP Hồ Chí Minh
178,269165,42.0,3.1483432082599987,3.0168656298601366,7.5,0,Cầu Giấy,Hà Nội
179,269164,25.0,2.0,2.0,165354402.83553535,1,Quận 8,TP Hồ Chí Minh
180,269163,38.0,2.0,2.016913618844259,3.8,0,Tân Bình,TP Hồ Chí Minh
181,269162,45.0,3.169898467080122,3.0504065823683586,165354402.83556426,0,Long Biên,Hà Nội
182,269161,32.0,3.0,3.0,3.58,0,Hà Đông,Hà Nội
183,269160,176.0,1.0,1.0,37.0,1,Ba Đình,Hà Nội
184,269159,75.0,5.0,6.0,12.6,1,Hoàng Mai,Hà Nội
185,269158,60.0,2.0,2.0,4.0,0,Tân Phú,TP Hồ Chí Minh
186,269157,32.0,3.057308490215267,2.935632325544726,7.5,0,Tây Hồ,Hà Nội
187,269156,80.0,3.4942751367429667,3.3255521863973536,10.0,0,Hoàng Mai,Hà Nội
188,269155,44.0,2.0,2.018129540081161,4.95,0,Bắc Từ Liêm,Hà Nội
189,269154,65.0,3.0,4.0,4.0,0,Quận 5,TP Hồ Chí Minh
190,269153,135.0,3.7513312191094754,4.160572565881616,7000000000.0,0,Từ Sơn,Bắc Ninh
191,269152,135.0,3.7513312191094754,4.160572565881616,7000000000.0,0,Từ Sơn,Bắc Ninh
192,269151,148.0,4.113311219440181,3.8779386557532387,10.2,1,Quận 9,TP Hồ Chí Minh
193,269150,62.0,3.330412644373826,3.179332238452135,6.8,0,Hoàng Mai,Hà Nội
194,269149,28.0,3.0,2.0,5.9,0,Tân Bình,TP Hồ Chí Minh
195,269148,32.0,3.0,2.0,3.12,0,Quận 10,TP Hồ Chí Minh
196,269147,122.0,4.57264026837489,4.0,20.0,0,Long Biên,Hà Nội
197,269143,35.0,2.0,3.0,3.88,0,Bình Thạnh,TP Hồ Chí Minh
198,269142,45.0,1.0,1.0,1.85,0,Thanh Khê,Đà Nẵng
199,269139,38.0,2.0,2.0,2.7,0,Bình Tân,TP Hồ Chí Minh
200,269138,64.0,3.3486195880924075,3.19557889914051,3.65,0,Bình Tân,TP Hồ Chí Minh
201,269137,40.0,2.0,2.0,3.85,0,Quận 7,TP Hồ Chí Minh
202,269136,68.0,2.0,2.0,7.5,0,Gò Vấp,TP Hồ Chí Minh
203,269135,56.0,2.0,2.0205613822848667,4.1,0,Bình Tân,TP Hồ Chí Minh
204,269131,35.0,3.084618905778348,2.960002316600861,3.2,0,Hà Đông,Hà Nội
205,269129,34.0,4.0,4.0,5.2,1,Long Biên,Hà Nội
206,269127,50.0,3.2154158261024874,3.0910232345260638,165354402.83557144,0,Đống Đa,Hà Nội
207,269126,64.0,3.3486195880245377,3.1955788992486616,5.6,0,Thủ Đức,TP Hồ Chí Minh
208,269125,55.0,5.0,4.6305750549626215,8.8,0,Gò Vấp,TP Hồ Chí Minh
209,269122,200.0,4.0,5.0,4.35,0,Bình Tân,TP Hồ Chí Minh
210,269119,66.0,2.0,2.022587917781169,7.2,1,Biên Hòa,Đồng Nai
211,269118,39.0,2.0,2.0,19.1,0,Lê Chân,Hải Phòng
212,269115,25.0,2.0,2.0142791230617694,4.0,0,Hà Đông,Hà Nội
213,269114,510.0,2.0,2.1125660818434917,5.2,0,Quận 11,TP Hồ Chí Minh
214,269112,75.0,3.0,2.0,0.00051,0,Hóc Môn,TP Hồ Chí Minh
215,269108,48.0,3.2029639123096945,3.065605814471387,3650.0,0,Từ Sơn,Bắc Ninh
216,269107,48.0,3.0,2.8890122627211765,4.35,0,Tân Phú,TP Hồ Chí Minh
217,269103,53.0,4.0,3.0,3.15,0,Hồng Bàng,Hải Phòng
218,269100,94.0,1.892328808694713,1.0,1.7,0,Thuận An,Bình Dương
219,269098,64.86967356102396,3.356425261022019,3.2028210245075837,3200000.0,1,Thủ Đức,TP Hồ Chí Minh
220,269094,55.0,3.2666883417912405,3.1224689253537,5.4,0,Hà Đông,Hà Nội
221,269093,55.0,4.0,4.0,5.6,0,Long Biên,Hà Nội
222,269092,70.0,4.0,4.0,7.5,0,Hồng Bàng,Hải Phòng
223,269090,50.0,2.0,3.0,7.0,0,Thanh Xuân,Hà Nội
224,269089,130.0,3.9494487270118714,3.731718707902306,8.7,0,Long Biên,Hà Nội
225,269088,63.0,2.0,2.0,5.5,1,Tân Bình,TP Hồ Chí Minh
226,269087,45.0,2.0,1.0,3.05,0,Bình Tân,TP Hồ Chí Minh
227,269086,41.0,4.0,3.0,6.8,1,Hồng Bàng,Hải Phòng
228,269085,57.52393639107604,2.0,3.0,165354402.8355822,0,Tiểu Cần,Trà Vinh
229,269083,48.0,4.0,4.0,4.6,0,Quận 11,TP Hồ Chí Minh
230,269082,44.0,2.0,2.0181295400425756,4.5,0,Tân Phú,TP Hồ Chí Minh
231,269081,115.0,3.812896649972618,3.6098687513848193,7.9,1,Quận 12,TP Hồ Chí Minh
232,269080,40.0,2.0,2.0,3.8,0,Tân Phú,TP Hồ Chí Minh
233,269078,52.0,4.0,5.0,7.6,1,Gò Vấp,TP Hồ Chí Minh
234,269077,42.0,2.0,2.0319025956997594,165354402.83555987,0,Thanh Xuân,Hà Nội
235,269076,60.0,4.0,5.0,7.0,0,Quận 6,TP Hồ Chí Minh
236,269075,48.0,4.0,4.0,4.8,0,Gò Vấp,TP Hồ Chí Minh
237,269074,48.0,4.0,4.0,5.0,0,Gò Vấp,TP Hồ Chí Minh
238,269073,45.0,2.0,2.0183321935313265,4.1,1,Quận 6,TP Hồ Chí Minh
239,269070,65.0,3.3577230589797695,3.203702231033487,30.0,0,Cầu Giấy,Hà Nội
240,269069,65.0,3.3577230589797695,3.203702231033487,30.0,0,Cầu Giấy,Hà Nội
241,269068,150.0,3.0,1.0,11.0,0,Biên Hòa,Đồng Nai
242,269066,55.0,2.0,2.0,4.45,0,Quận 11,TP Hồ Chí Minh
243,269065,48.0,3.0,2.0,5.6,0,Quận 11,TP Hồ Chí Minh
244,269062,74.0,4.0,2.0,3.8,0,Quận 9,TP Hồ Chí Minh
245,269058,32.0,2.0,2.0,3.98,0,Tân Bình,TP Hồ Chí Minh
246,269054,90.0,3.0,2.0,2.85,1,Liên Chiểu,Đà Nẵng
247,269051,52.0,4.0,4.0,165354402.8355744,0,Thủ Đức,TP Hồ Chí Minh
248,269049,72.0,3.4214473622619344,3.260565543017126,11.3,0,Long Biên,Hà Nội
249,269047,25.0,2.9935841877336165,2.87876901228545,3.2,0,Tân Bình,TP Hồ Chí Minh
250,269046,36.0,4.0,4.0,5.3,0,Bắc Từ Liêm,Hà Nội
251,269045,36.0,4.0,4.0,5.3,0,Bắc Từ Liêm,Hà Nội
252,269044,40.0,3.1301362646719353,3.0006189689637774,6.9,0,Hà Đông,Hà Nội
253,269043,40.0,3.0,2.9015693972529277,165354402.83555704,0,Đống Đa,Hà Nội
254,269042,35.0,3.084521451942833,2.960157611305903,2800000.0,0,Hà Đông,Hà Nội
255,269040,30.0,3.0,4.0,3.25,1,Đống Đa,Hà Nội
256,269039,45.0,4.0,4.0,0.00013,0,Long Biên,Hà Nội
257,269038,31.0,3.0,2.0,5.2,1,Thanh Xuân,Hà Nội
258,269036,40.0,5.0,5.0,5.1,1,Hai Bà Trưng,Hà Nội
259,269035,81.0,3.503378608484791,3.3336755169287273,11.8,0,Hoàng Mai,Hà Nội
260,269033,50.0,3.2211709828001993,3.0818522731460782,4.5,0,Hà Đông,Hà Nội
261,269032,80.0,3.0,3.0,4260.0,0,Hương Thủy,Thừa Thiên Huế
262,269031,90.0,3.0,3.0,5.95,1,Thanh Khê,Đà Nẵng
263,269030,90.0,3.0,3.0,5.95,1,Thanh Khê,Đà Nẵng
264,269025,100.0,2.0,2.0,0.00048,0,Thủ Dầu Một,Bình Dương
265,269023,330.0,5.770143087199962,5.356384795336405,29.0,1,Bình Tân,TP Hồ Chí Minh
266,269021,80.0,3.0,4.0,4.57,0,Huế,Thừa Thiên Huế
267,269019,100.0,2.0,2.0,0.00058,0,Bến Cát,Bình Dương
268,269014,110.0,2.037984357242597,1.0,11.0,0,Long Biên,Hà Nội
269,269013,60.0,3.3122057006709054,3.1630855777388005,9.5,1,Thanh Trì,Hà Nội
270,269009,85.0,3.0,3.0,0.00051,1,Hóc Môn,TP Hồ Chí Minh
271,269007,80.0,2.0,2.0259738364146833,6400000.0,1,Thủ Đức,TP Hồ Chí Minh
272,269006,80.0,2.0,2.0259738364146833,6400000.0,1,Thủ Đức,TP Hồ Chí Minh
273,268998,40.0,5.0,4.627535251881085,6.05,0,Đống Đa,Hà Nội
274,268997,70.0,3.403240418750442,3.244318881998749,8.5,1,Bình Tân,TP Hồ Chí Minh
275,268996,44.0,3.166550151952477,3.0331122905901085,5.1,1,Bình Tân,TP Hồ Chí Minh
276,268995,44.0,3.166550151952477,3.0331122905901085,5.1,1,Bình Tân,TP Hồ Chí Minh
277,268994,30.0,3.039101546762943,2.9193856644320633,3.0,1,Bình Tân,TP Hồ Chí Minh
278,268993,60.0,3.3122057008101256,3.163085577516951,5.5,1,Bình Tân,TP Hồ Chí Minh
279,268992,35.0,2.0,2.0,3.7,0,Gò Vấp,TP Hồ Chí Minh
280,268991,125.0,14.0,14.0,18.0,0,Bình Thạnh,TP Hồ Chí Minh
281,268990,39.0,3.0,4.0,5.2,0,Thanh Xuân,Hà Nội
282,268989,36.0,4.0,3.7566525291510353,5.6,0,Quận 4,TP Hồ Chí Minh
283,268987,92.0,8.0,8.0,18.9,0,Bình Thạnh,TP Hồ Chí Minh
284,268986,78.0,2.0,2.0255771038987134,6500000.0,0,Thủ Đức,TP Hồ Chí Minh
285,268984,62.0,2.0,3.0,2.47,1,Tân Uyên,Bình Dương
286,268983,62.0,2.0,3.0,2.47,1,Tân Uyên,Bình Dương
287,268981,64.0,4.0,4.0,10.0,1,Tân Phú,TP Hồ Chí Minh
288,268979,54.0,4.0,3.0,4.9,0,Quận 9,TP Hồ Chí Minh
289,268974,70.0,3.403223712655389,3.244345503507179,480000.0,0,Bến Cát,Bình Dương
290,268971,42.0,3.1483432081903886,3.0168656299710617,9.5,1,Quận 10,TP Hồ Chí Minh
291,268970,53.0,3.2484813978586073,3.106222265006418,14.7,1,Quận 3,TP Hồ Chí Minh
292,268966,70.0,2.0,2.0,0.00048,0,Bến Cát,Bình Dương
293,268963,38.0,3.0,3.0,5.7,1,Tân Phú,TP Hồ Chí Minh
294,268962,49.0,3.0,3.0,5.65,0,Tân Bình,TP Hồ Chí Minh
295,268957,320.0,4.0,5.0,7.85,0,Quận 7,TP Hồ Chí Minh
296,268956,60.0,5.0,4.0,11.0,1,Hai Bà Trưng,Hà Nội
297,268955,41.0,2.0,2.017521579790686,8.2,0,Đống Đa,Hà Nội
298,268954,41.0,2.0,2.017521579790686,8.2,0,Đống Đa,Hà Nội
299,268953,95.0,3.630827213392404,3.4474021435360194,22.0,1,Đống Đa,Hà Nội
300,268911,73.0,4.0,4.0,6.0,1,Long Biên,Hà Nội
301,268910,57.0,2.0,2.0349423985454984,165354402.83558145,1,Quận 11,TP Hồ Chí Minh
302,268908,55.0,3.0,4.0,9.8,0,Quận 3,TP Hồ Chí Minh
303,268907,56.0,3.0,4.0,9.8,0,Quận 3,TP Hồ Chí Minh
304,268906,78.0,3.4760681930644104,3.3093055256451964,12.0,0,Hoàng Mai,Hà Nội
305,268905,78.0,3.4760681930644104,3.3093055256451964,12.0,0,Hoàng Mai,Hà Nội
306,268903,58.0,3.0,4.0,7.5,0,Gò Vấp,TP Hồ Chí Minh
307,268901,40.0,3.130136264689338,3.0006189689360463,6.4,0,Quận 11,TP Hồ Chí Minh
308,268897,126.0,3.907279683242444,3.708396347323191,165354402.83568084,0,Gò Vấp,TP Hồ Chí Minh
309,268889,60.0,3.0,2.0,1.08,0,Biên Hòa,Đồng Nai
310,268885,120.0,3.0,2.0,6.0,0,Gò Vấp,TP Hồ Chí Minh
311,268883,90.0,3.5853098550713587,3.406785490260745,1.85,0,Quận 12,TP Hồ Chí Minh
312,268881,64.0,3.0,2.0,1080.0,0,Vĩnh Cửu,Đồng Nai
313,268880,45.0,3.0,2.0,2.85,0,Liên Chiểu,Đà Nẵng
314,268870,77.0,5.0,3.0,165354402.83561036,1,Mê Linh,Hà Nội
315,268868,77.0,3.0,4.0,7.35,0,Quận 7,TP Hồ Chí Minh
316,268867,60.0,4.0,5.0,10.0,0,Cầu Giấy,Hà Nội
317,268863,57.07817945724229,2.0,2.0213200741968658,6300000.0,0,Thủ Đức,TP Hồ Chí Minh
318,268862,57.07817945724229,2.0,2.0213200741968658,6300000.0,0,Thủ Đức,TP Hồ Chí Minh
319,268851,63.045941948991825,3.0,3.0,6300000.0,1,Quận 9,TP Hồ Chí Minh
320,268850,90.0,2.0,1.0,0.000455,1,Hóc Môn,TP Hồ Chí Minh
321,268849,40.0,4.0,3.7574631430631666,3.5,0,Đống Đa,Hà Nội
322,268846,45.0,3.1756536236734183,3.04123562115476,7.5,0,Đống Đa,Hà Nội
323,268845,42.0,2.0,2.017724232910732,3.5,0,Hai Bà Trưng,Hà Nội
324,268844,75.0,3.4487576510304696,3.2849357361229954,3650.0,0,Từ Sơn,Bắc Ninh
325,268843,75.0,3.4487576510304696,3.2849357361229954,3650.0,0,Từ Sơn,Bắc Ninh
326,268842,30.0,3.0,3.0,3.6,0,Thanh Xuân,Hà Nội
327,268840,101.0,4.0,4.0,12.0,1,Lê Chân,Hải Phòng
328,268838,46.0,5.0,4.628751173057964,6.5,0,Long Biên,Hà Nội
329,268836,39.0,2.8460734429507935,3.4306490566927765,7900000000.0,0,Phú Nhuận,TP Hồ Chí Minh
330,268835,36.0,4.0,3.0,5.6,0,Phú Nhuận,TP Hồ Chí Minh
331,268833,100.0,3.6763445726584045,3.4880187953054866,15.0,0,Đông Anh,Hà Nội
332,268832,61.0,2.0,3.0,2.47,1,Tân Uyên,Bình Dương
333,268831,61.0,2.0,3.0,2.47,1,Tân Uyên,Bình Dương
334,268828,40.0,2.0,2.0,5.1,0,Bình Thạnh,TP Hồ Chí Minh
335,268827,44.0,2.0,2.0,4.3,0,Bình Thạnh,TP Hồ Chí Minh
336,268822,121.0,3.8675174807611707,3.658608734035074,9.0,0,Thủ Đức,TP Hồ Chí Minh
337,268820,40.0,4.0,5.0,14.3,1,Đống Đa,Hà Nội
338,268816,70.0,3.403240417587956,3.2443188838511956,41.9,1,Đống Đa,Hà Nội
339,268814,28.0,2.0,2.0,2.9,1,Tân Bình,TP Hồ Chí Minh
340,268772,45.0,7.0,6.368692736176104,1.5e-05,0,Hai Bà Trưng,Hà Nội
341,268771,96.0,3.0,2.0,950.0,0,Vĩnh Cửu,Đồng Nai
342,268765,17.0,2.915001256554875,2.8229533302852063,165354402.83552393,0,Quận 11,TP Hồ Chí Minh
343,268764,200.0,4.586691752705463,4.300351839097411,26.5,1,Bình Tân,TP Hồ Chí Minh
344,268761,80.0,6.0,6.0,18.0,0,Quận 2,TP Hồ Chí Minh
345,268756,384.0,6.261730564432684,5.7950446389723975,35.0,0,Bình Tân,TP Hồ Chí Minh
346,268755,100.0,3.0,2.0,3.8,0,Biên Hòa,Đồng Nai
347,268753,110.0,2.0,1.0,5.5,1,Ninh Sơn,Ninh Thuận
348,268751,56.0,3.2757918135887523,3.130592255796333,5.6,1,Bình Tân,TP Hồ Chí Minh
349,268749,60.0,3.31220570077184,3.1630855775779594,6.6,1,Bình Tân,TP Hồ Chí Minh
350,268748,90.0,4.0,4.0,6.1,0,Tân Phú,TP Hồ Chí Minh
351,268747,100.0,3.670589416326143,3.497189756103121,165354402.8356434,1,Thanh Xuân,Hà Nội
352,268746,81.0,3.0,2.0,0.00085,0,Biên Hòa,Đồng Nai
353,268741,40.0,2.0,2.0173189260018263,5.1,0,Tân Phú,TP Hồ Chí Minh
354,268740,61.0,4.0,4.0,5.5,0,Bình Thạnh,TP Hồ Chí Minh
355,268736,22.0,3.0,4.0,4.0,1,Bình Tân,TP Hồ Chí Minh
356,268735,38.0,2.0,2.0169136187585135,2.8,0,Quận 11,TP Hồ Chí Minh
357,268734,45.0,3.0,4.0,3.85,1,Hai Bà Trưng,Hà Nội
358,268733,33.0,3.0,3.0,3.28,1,Hai Bà Trưng,Hà Nội
359,268731,61.52953852301353,3.0,4.0,4.6,1,Cầu Giấy,Hà Nội
360,268730,38.0,3.0,3.0,4.4,1,Bình Thạnh,TP Hồ Chí Minh
361,268728,65.0,3.357723059815089,3.203702229702388,6.0,0,Cầu Giấy,Hà Nội
362,268717,80.0,4.0,4.0,8.2,0,Bình Thạnh,TP Hồ Chí Minh
363,268716,32.0,4.0,4.0,5.5,0,Gò Vấp,TP Hồ Chí Minh
364,268715,100.0,3.0,3.0,0.00085,0,Hóc Môn,TP Hồ Chí Minh
365,268708,42.0,2.0,2.0,5.7,0,Bình Thạnh,TP Hồ Chí Minh
366,268705,44.0,3.0,2.0,5.5,0,Bình Thạnh,TP Hồ Chí Minh
367,268704,65.0,3.3577230599229844,3.2037022295304545,2.9,0,Ngũ Hành Sơn,Đà Nẵng
368,268701,90.0,5.0,4.0,14.0,1,Hai Bà Trưng,Hà Nội
369,268700,30.0,3.0333463900130253,2.9285566258952413,165354402.83554265,0,Quận 3,TP Hồ Chí Minh
370,268686,38.0,2.0,2.0,3.7,1,Gò Vấp,TP Hồ Chí Minh
371,268684,45.0,3.0,3.0,4.4,1,Bình Thạnh,TP Hồ Chí Minh
372,268681,45.0,2.0,2.0,3.9,1,Tân Phú,TP Hồ Chí Minh
373,268680,51.0,2.0,2.0,3.9,1,Tân Phú,TP Hồ Chí Minh
374,268677,50.0,4.0,5.0,12.7,0,Gò Vấp,TP Hồ Chí Minh
375,268675,160.0,4.2225528805787444,3.9754186217525747,25.0,1,Đống Đa,Hà Nội
376,268672,48.0,3.0,3.0,4.5,0,Cà Mau,Cà Mau
377,268669,128.0,4.0,5.0,7.4,1,Gò Vấp,TP Hồ Chí Minh
378,268667,76.0,3.0,2.0,1080.0,0,Vĩnh Cửu,Đồng Nai
379,268666,64.86492273595691,3.3564933876982397,3.2026049525359706,7.5,1,Bình Tân,TP Hồ Chí Minh
380,268665,75.0,3.4487576510304696,3.2849357361229954,3650.0,0,Từ Sơn,Bắc Ninh
381,268663,85.0,3.539792495918474,3.366168838311024,5.6,1,Bình Tân,TP Hồ Chí Minh
382,268661,48.0,4.0,3.0,3.15,0,Hồng Bàng,Hải Phòng
383,268659,44.0,3.1665501520057284,3.033112290505251,3.57,0,Bình Tân,TP Hồ Chí Minh
384,268658,40.0,3.130136264750247,3.000618968838987,4.65,1,Bình Tân,TP Hồ Chí Minh
385,268657,60.0,3.0,4.0,165354402.83558586,0,Liên Chiểu,Đà Nẵng
386,268656,48.0,3.0,4.0,4.8,1,Bình Tân,TP Hồ Chí Minh
387,268654,61.0,3.3213091726285207,3.171208907926307,5.1,1,Bình Tân,TP Hồ Chí Minh
388,268653,52.0,4.0,4.0,3.2,0,Thuận An,Bình Dương
389,268648,18.0,4.0,3.7530047657275762,5.5,1,Bình Tân,TP Hồ Chí Minh
390,268647,56.0,2.0,3.0,2.2,0,Bình Tân,TP Hồ Chí Minh
391,268646,80.0,2.0,2.0,4.5,0,Bình Tân,TP Hồ Chí Minh
392,268644,50.0,2.0,2.0,165354402.83557132,0,Quận 10,TP Hồ Chí Minh
393,268643,52.0,3.2393778169300775,3.098099108466322,3150.0,0,Hà Đông,Hà Nội
394,268639,105.0,4.0,5.0,9.8,0,Gò Vấp,TP Hồ Chí Minh
395,268638,115.0,5.0,2.0,8.0,1,Gò Vấp,TP Hồ Chí Minh
396,268637,48.0,3.0,2.0,6.2,1,Sơn Trà,Đà Nẵng
397,268632,36.0,4.0,5.0,5.9,0,Hồng Bàng,Hải Phòng
398,268623,68.08864216957053,1.6564454932106152,1.0,3.4,0,Long Biên,Hà Nội
399,268621,64.86492273298764,3.3564933877408194,3.2026049524009257,5.5,0,Tân Bình,TP Hồ Chí Minh
400,268620,78.0,4.0,4.0,13.2,1,Hồng Bàng,Hải Phòng
401,268619,56.0,2.0,2.0,4700000.0,0,Thủ Đức,TP Hồ Chí Minh
402,268618,36.0,3.09372237757412,2.968125647046268,3.45,1,Bình Tân,TP Hồ Chí Minh
403,268617,50.0,3.2211709827653943,3.0818522732015405,5.5,1,Bình Tân,TP Hồ Chí Minh
404,268616,106.0,3.0,2.0,4900000.0,0,Quận 9,TP Hồ Chí Minh
405,268613,36.0,3.09372237757238,2.968125647049041,3.5,1,Bình Tân,TP Hồ Chí Minh
406,268612,50.0,3.221170982751472,3.081852273223725,5.9,1,Bình Tân,TP Hồ Chí Minh
407,268609,35.0,2.0,3.0,3.88,0,Bình Thạnh,TP Hồ Chí Minh
408,268608,65.0,3.0,3.0,2.7,1,Bình Chánh,TP Hồ Chí Minh
409,268600,42.0,2.0,2.0,3.2,1,Tân Phú,TP Hồ Chí Minh
410,268599,20.0,2.9480668287356138,2.838152360088921,2.5,0,Quận 11,TP Hồ Chí Minh
411,268598,30.0,2.0,2.0,4.1,0,Tân Phú,TP Hồ Chí Minh
412,268596,40.0,2.9595918578527947,3.2723850129939773,4900000000.0,0,Tân Bình,TP Hồ Chí Minh
413,268595,60.0,4.0,3.0,10.3,0,Đống Đa,Hà Nội
414,268594,51.0,4.0,6.0,12.8,0,Đống Đa,Hà Nội
415,268592,120.0,3.8584140092333974,3.6504854031626066,1.05,0,Tân Uyên,Bình Dương
416,268588,32.0,1.0,2.0,3.05,0,Bình Tân,TP Hồ Chí Minh
417,268583,68.7947370802533,4.0,3.0,3260.0,0,Phú Nhuận,TP Hồ Chí Minh
418,268582,120.0,3.8584140090228276,3.650485403498155,7.1,0,Từ Sơn,Bắc Ninh
419,268579,33.0,3.066411962178103,2.9437556557239133,2.95,1,Quận 11,TP Hồ Chí Minh
420,268577,60.0,4.0,4.0,3.3,0,Thuận An,Bình Dương
421,268576,35.0,3.0,4.0,4.55,0,Cầu Giấy,Hà Nội
422,268575,53.0,1.0,1.0,4.3,0,Tân Phú,TP Hồ Chí Minh
423,268574,72.0,3.0,3.0,5.2,1,Quận 12,TP Hồ Chí Minh
424,268573,26.0,2.996932502795133,2.896063304169077,165354402.8355369,0,Quận 11,TP Hồ Chí Minh
425,268571,40.0,3.0,2.0,3000000.0,0,Quận 8,TP Hồ Chí Minh
426,268570,58.0,2.0,2.0,5.5,1,Tân Phú,TP Hồ Chí Minh
427,268567,60.0,3.0,2.0,5.0,1,Gò Vấp,TP Hồ Chí Minh
428,268566,35.0,2.0,2.0,3.5,0,Bình Thạnh,TP Hồ Chí Minh
429,268565,43.0,3.157446527183593,3.024989203910525,4400.0,0,Hà Đông,Hà Nội
430,268564,100.0,5.0,6.0,3.9,1,Bình Thạnh,TP Hồ Chí Minh
431,268563,132.0,6.0,4.0,3.6,1,Phú Nhuận,TP Hồ Chí Minh
432,268562,42.0,3.0,1.0,4.6,0,Gò Vấp,TP Hồ Chí Minh
433,268559,30.0,3.0391015466306843,2.919385664642821,6.8,0,Nam Từ Liêm,Hà Nội
434,268558,52.0,3.2336227697114337,3.1072698953891464,165354402.83557433,0,Nam Từ Liêm,Hà Nội
435,268557,39.0,3.121032792846579,2.9924956385655133,7.5,0,Bắc Từ Liêm,Hà Nội
436,268556,33.0,3.0606568054264445,2.9529266171898647,165354402.83554697,0,Bắc Từ Liêm,Hà Nội
437,268550,108.0,3.0,2.0,11.2,0,Bình Thạnh,TP Hồ Chí Minh
438,268549,38.0,2.0,2.0,2.7,0,Gò Vấp,TP Hồ Chí Minh
439,268544,26.0,2.0,2.0,2.3,0,Bình Tân,TP Hồ Chí Minh
440,268543,60.0,2.0,2.0,4.65,1,Tân Phú,TP Hồ Chí Minh
441,268542,96.0,3.6399306859625584,3.455525472747431,0.00082,0,Vĩnh Cửu,Đồng Nai
442,268541,20.0,2.9479919981134066,2.8382716042350586,2150000.0,0,Thủ Đức,TP Hồ Chí Minh
443,268539,42.0,4.0,3.0,6.8e-06,0,Thanh Xuân,Hà Nội
444,268535,70.0,2.0,2.0,0.0006,1,Hóc Môn,TP Hồ Chí Minh
445,268534,46.0,3.0,3.0,2.45,0,Thuận An,Bình Dương
446,268533,48.0,6.0,5.0,4.8,1,Long Biên,Hà Nội
447,268524,45.0,4.0,5.0,6.3,0,Thanh Xuân,Hà Nội
448,268512,71.0,3.4123438903112806,3.252442212818527,15.5,0,Gia Lâm,Hà Nội
449,268511,36.0,4.0,5.0,5.5,1,Đống Đa,Hà Nội
450,268510,41.0,3.0,2.0,5.2,1,Bình Tân,TP Hồ Chí Minh
451,268509,26.0,3.0,4.0,3.8,1,Thanh Xuân,Hà Nội
452,268508,66.0,3.3668265315325496,3.2118255602725854,8.5,0,Tân Bình,TP Hồ Chí Minh
453,268507,30.0,3.0,4.0,3.5,0,Cầu Giấy,Hà Nội
454,268506,100.0,3.0,2.0,4.8,1,Bình Tân,TP Hồ Chí Minh
455,268505,47.0,5.0,4.0,4.6,0,Hai Bà Trưng,Hà Nội
456,268503,50.0,4.0,3.0,5.15,1,Nam Từ Liêm,Hà Nội
457,268502,33.0,2.0,2.0300787139923164,165354402.8355469,0,Bắc Từ Liêm,Hà Nội
458,268500,42.0,3.1425880516667024,3.026036591073735,165354402.83555993,0,Thanh Xuân,Hà Nội
459,268499,72.0,4.0,2.0,3.57,0,Biên Hòa,Đồng Nai
460,268497,25.0,2.9878290309906594,2.8879399737375353,165354402.83553547,0,Thanh Xuân,Hà Nội
461,268496,44.0,3.1665501520325283,3.0331122904625456,2.8,0,Thanh Xuân,Hà Nội
462,268493,94.0,4.0,6.0,14.0,1,Hai Bà Trưng,Hà Nội
463,268492,24.0,3.0,4.0,3.59,0,Nam Từ Liêm,Hà Nội
464,268490,48.0,4.0,3.0,3.25,0,Hồng Bàng,Hải Phòng
465,268485,53.0,4.0,5.0,3.45,0,Long Biên,Hà Nội
466,268481,50.0,4.0,3.0,3.2,0,Hồng Bàng,Hải Phòng
467,268477,47.0,4.0,6.0,8.8,0,Gò Vấp,TP Hồ Chí Minh
468,268476,35.0,2.0,1.0,75.0,0,Quận 3,TP Hồ Chí Minh
469,268474,88.0,3.0,2.0,6.5,0,Quận 9,TP Hồ Chí Minh
470,268472,30.0,3.0,4.0,3.99,1,Hoàng Mai,Hà Nội
471,268468,60.0,2.0,2.0,4.0,0,Quận 12,TP Hồ Chí Minh
472,268466,27.0,2.0,2.0,2.85,1,Tân Bình,TP Hồ Chí Minh
473,268465,45.0,3.1756536237082233,3.0412356210992977,6.5,0,Cầu Giấy,Hà Nội
474,268464,60.0,2.0,2.0,5.0,0,Quận 12,TP Hồ Chí Minh
475,268463,53.0,2.0,3.0,4.0,0,Quận 12,TP Hồ Chí Minh
476,268462,64.0,3.0,3.0,4.0,0,Quận 12,TP Hồ Chí Minh
477,268460,60.0,2.0,2.0,4.0,0,Quận 12,TP Hồ Chí Minh
478,268459,65.0,3.0,2.906635735329159,165354402.83559301,0,Lê Chân,Hải Phòng
479,268458,64.86492273194838,3.356493387755722,3.20260495235366,4.8,1,Quận 11,TP Hồ Chí Minh
480,268457,36.0,3.093722377600224,2.968125647004671,2.7,0,Hà Đông,Hà Nội
481,268456,38.0,2.0,2.0,4.1,0,Tân Phú,TP Hồ Chí Minh
482,268455,35.0,3.084618905771387,2.9600023166119533,3.4,0,Hà Đông,Hà Nội
483,268454,51.0,3.2302744545890096,3.0899756036025767,4.95,0,Hà Đông,Hà Nội
484,268453,35.0,3.084618905658271,2.960002316792206,6.65,0,Hà Đông,Hà Nội
485,268452,49.0,3.2120675109504795,3.073728942786638,5.8,0,Hà Đông,Hà Nội
486,268451,57.0,3.2848952852714084,3.1387155864219927,9.1,0,Hà Đông,Hà Nội
487,268450,38.0,3.1119293211186774,2.9843723080119555,5.3,0,Hà Đông,Hà Nội
488,268449,93.0,3.612620270275948,3.4311554818881427,7.85,0,Hà Đông,Hà Nội
489,268448,30.0,3.0391015467716445,2.9193856644181975,2.75,0,Hà Đông,Hà Nội
490,268447,30.0,3.0391015467716445,2.9193856644181975,2.75,0,Hà Đông,Hà Nội
491,268446,65.0,3.3577230597698424,3.2037022297744886,7.3,0,Nam Từ Liêm,Hà Nội
492,268445,40.0,3.1243811080577566,3.009789930210653,165354402.83555704,0,Nam Từ Liêm,Hà Nội
493,268444,53.0,4.0,5.0,5500.0,1,Cầu Giấy,Hà Nội
494,268442,60.0,2.0,2.0,1.45,1,Hóc Môn,TP Hồ Chí Minh
495,268441,60.0,2.0,2.0,3.75,0,Bình Tân,TP Hồ Chí Minh
496,268440,35.0,4.0,4.0,5.45,0,Bình Tân,TP Hồ Chí Minh
497,268439,26.0,4.0,3.0,3.75,1,Hoàng Mai,Hà Nội
498,268437,45.0,2.0,2.0,165354402.83556414,0,Bình Thạnh,TP Hồ Chí Minh
499,268434,65.78063180292806,4.0,5.0,7.18,0,Thanh Xuân,Hà Nội
500,268433,41.0,2.0,2.0175215791990433,1.3,0,Biên Hòa,Đồng Nai
501,268432,54.0,4.0,3.0,4.9,0,Quận 9,TP Hồ Chí Minh
502,268431,90.0,2.0,2.0274516018884725,2.0,0,Biên Hòa,Đồng Nai
503,268430,30.0,2.0,2.0,1.55e-06,0,Hà Đông,Hà Nội
504,268429,68.0,4.0,3.0,10.6,0,Thanh Xuân,Hà Nội
505,268428,60.0,3.312205700904099,3.163085577367202,2.8,0,Sơn Trà,Đà Nẵng
506,268425,36.0,9.0,8.107013072121644,5.3,0,Thanh Xuân,Hà Nội
507,268424,36.0,2.0,2.016508311845321,4.35,0,Thanh Xuân,Hà Nội
508,268423,35.0,3.0,3.0,4.85,1,Gò Vấp,TP Hồ Chí Minh
509,268422,42.0,4.0,3.7578684503021917,5.75,0,Thanh Xuân,Hà Nội
510,268421,50.0,1.0,1.0,8.3,0,Hồng Bàng,Hải Phòng
511,268420,56.0,4.0,3.7607055995991563,5.45,0,Thanh Xuân,Hà Nội
512,268418,70.0,2.0,2.0,0.00058,0,Bến Cát,Bình Dương
513,268417,140.0,4.040483444774682,3.812952012666962,16.8,0,Long Biên,Hà Nội
514,268413,44.0,3.0,3.0,4.7,0,Gò Vấp,TP Hồ Chí Minh
515,268408,50.0,2.0,2.0,3300000.0,0,Quận 9,TP Hồ Chí Minh
516,268407,62.0,4.0,4.0,7.5,1,Tân Phú,TP Hồ Chí Minh
517,268406,46.0,3.0,2.0,4.95,1,Tân Phú,TP Hồ Chí Minh
518,268405,80.0,2.0,8.0,29.0,1,Cầu Giấy,Hà Nội
519,268404,61.0,2.0,2.0,14.2,0,Lê Chân,Hải Phòng
520,268403,78.0,5.0,4.63523608629286,12.3,0,Tân Phú,TP Hồ Chí Minh
521,268399,46.0,2.0,2.0,3.19,0,Tân Phú,TP Hồ Chí Minh
522,268398,28.0,2.0,2.0,165354402.83553967,0,Gò Vấp,TP Hồ Chí Minh
523,268397,50.0,3.0,2.0,4.5,0,Phú Nhuận,TP Hồ Chí Minh
524,268396,100.0,2.0,2.0,0.0008,0,Đức Hòa,Long An
525,268391,63.0,4.0,5.0,8.4,0,Gò Vấp,TP Hồ Chí Minh
526,268389,35.0,4.0,4.0,3.5,1,Đống Đa,Hà Nội
527,268385,80.0,3.494275136955277,3.3255521860590327,3.9,0,Quận 9,TP Hồ Chí Minh
528,268384,80.0,3.494275136955277,3.3255521860590327,3.9,0,Quận 9,TP Hồ Chí Minh
529,268383,125.0,4.0,3.0,2500000.0,0,Huế,Thừa Thiên Huế
530,268382,32.0,3.0573084903423053,2.9356323253422882,3.85,0,Cầu Giấy,Hà Nội
531,268381,35.0,3.0846189056756734,2.9600023167644753,6.15,0,Cầu Giấy,Hà Nội
532,268379,50.0,6.0,4.0,6.2,1,Đống Đa,Hà Nội
533,268378,80.0,4.0,4.0,6.1,1,Bình Tân,TP Hồ Chí Minh
534,268377,190.0,6.0,6.0,35.0,1,Hoàng Mai,Hà Nội
535,268376,15.0,2.0,2.0,1.8,0,Cầu Giấy,Hà Nội
536,268374,37.0,4.0,3.0,2.8,0,Hà Đông,Hà Nội
537,268372,21.0,2.0,2.0134685088375255,2.46,0,Gò Vấp,TP Hồ Chí Minh
538,268371,76.0,3.4521060930187883,3.3022298257461338,165354402.83560887,0,Thanh Xuân,Hà Nội
539,268368,77.29691880156354,6.0,5.0,6.1,0,Bình Tân,TP Hồ Chí Minh
540,268367,48.0,3.202964039156448,3.0656056123384587,5.5,0,Bình Tân,TP Hồ Chí Minh
541,268366,48.0,3.202964039156448,3.0656056123384587,5.5,0,Bình Tân,TP Hồ Chí Minh
542,268363,41.0,4.0,3.0,4.1,0,Lê Chân,Hải Phòng
543,268362,60.0,4.0,6.0,11500000000.0,1,Long Biên,Hà Nội
544,268360,60.0,3.0,4.0,4.8,1,Bình Tân,TP Hồ Chí Minh
545,268359,62.0,3.330412644408631,3.1793322383966722,5.8,0,Long Biên,Hà Nội
546,268356,78.0,3.475831519611049,3.3096826696943427,6800000.0,1,Thủ Đức,TP Hồ Chí Minh
547,268353,98.0,3.6581376294253523,3.47177213384341,4.2,0,Thủ Đức,TP Hồ Chí Minh
548,268351,64.0,5.0,5.0,13.5,0,Phú Nhuận,TP Hồ Chí Minh
549,268350,47.0,2.0,2.0329158633150057,165354402.83556706,0,Tân Phú,TP Hồ Chí Minh
550,268349,64.0,5.0,5.0,13.5,0,Phú Nhuận,TP Hồ Chí Minh
551,268347,110.0,2.0,2.0,2.7,0,Biên Hòa,Đồng Nai
552,268344,50.0,2.0,2.019748463711033,4700000.0,0,Thủ Đức,TP Hồ Chí Minh
553,268342,48.0,4.0,3.0,6.7,0,Hà Đông,Hà Nội
554,268339,44.0,3.0,4.0,6.7,0,Bình Thạnh,TP Hồ Chí Minh
555,268337,33.0,2.9539598617398517,3.0,3.9,0,Nam Từ Liêm,Hà Nội
556,268336,63.0,3.333760959560638,3.1966265301360988,165354402.83559015,1,Đống Đa,Hà Nội
557,268335,65.11041387579814,3.3529730527747352,3.213770119396517,165354402.8355932,1,Đống Đa,Hà Nội
558,268334,63.036588751354245,3.0,3.0,7.5,0,Bình Thạnh,TP Hồ Chí Minh
559,268333,65.11041387579814,3.3529730527747352,3.213770119396517,165354402.8355932,0,Thủ Đức,TP Hồ Chí Minh
560,268332,69.0,7.0,7.0,8.2,0,Tân Bình,TP Hồ Chí Minh
561,268331,75.0,2.0,1.0,6.6,0,Thủ Đức,TP Hồ Chí Minh
562,268330,24.0,3.0,4.0,5.85,0,Cầu Giấy,Hà Nội
563,268329,52.0,3.2393779263882623,3.0980989340424374,5.1,0,Từ Sơn,Bắc Ninh
564,268327,200.0,2.0,2.0,165354402.83578724,0,Quận 3,TP Hồ Chí Minh
565,268325,39.0,3.0,2.0,4.9,0,Gò Vấp,TP Hồ Chí Minh
566,268324,50.0,3.2154158261024874,3.0910232345260638,165354402.83557144,0,Phan Rang - Tháp Chàm,Ninh Thuận
567,268323,135.0,3.9949660861282106,3.7723353599102625,6.0,0,Quận 3,TP Hồ Chí Minh
568,268321,64.0,3.348414238831354,3.1959061274405283,5900000.0,0,Thủ Đức,TP Hồ Chí Minh
569,268319,48.0,3.2029640391077208,3.065605612416106,6.9,0,Từ Sơn,Bắc Ninh
570,268318,125.0,4.0,3.0,7.15,0,Thanh Xuân,Hà Nội
571,268317,37.0,2.0,2.0,165354402.8355526,0,Gò Vấp,TP Hồ Chí Minh
572,268315,61.0,2.0,2.0,4.75,0,Gò Vấp,TP Hồ Chí Minh
573,268314,60.0,3.3122057003054532,3.1630855783211564,20.0,0,Long Biên,Hà Nội
574,268313,33.0,1.0,2.0,165354402.83554682,0,Phú Nhuận,TP Hồ Chí Minh
575,268307,83.0,3.0,2.0,4.8,0,Gò Vấp,TP Hồ Chí Minh
576,268306,49.0,3.2120675110096477,3.0737289426923518,4.1,1,Bình Tân,TP Hồ Chí Minh
577,268304,61.529538521380424,3.0,4.0,3.5,0,Cầu Giấy,Hà Nội
578,268303,64.8649227396685,3.356493387645016,3.202604952704778,10.0,0,Long Biên,Hà Nội
579,268302,58.78549547185542,2.0,2.0,5.2,0,Gò Vấp,TP Hồ Chí Minh
580,268301,33.0,3.0,3.0,3.3,1,Hà Đông,Hà Nội
581,268300,60.0,2.0,2.0,4.1,0,Tân Phú,TP Hồ Chí Minh
582,268299,98.0,3.0,2.0,1e-05,0,Quận 12,TP Hồ Chí Minh
583,268298,40.0,2.0,2.031497288653661,165354402.83555698,0,Gò Vấp,TP Hồ Chí Minh
584,268296,40.0,8.0,8.0,6.1,0,Bình Thạnh,TP Hồ Chí Minh
585,268295,32.0,2.0,2.0,2.5,0,Bình Thạnh,TP Hồ Chí Minh
586,268294,61.0,2.0,3.0,2.47,1,Tân Uyên,Bình Dương
587,268293,61.0,2.0,3.0,2.47,1,Tân Uyên,Bình Dương
588,268291,81.0,8.0,7.0,15.3,0,Thanh Xuân,Hà Nội
589,268290,54.0,4.0,3.0,4.5,0,Lê Chân,Hải Phòng
590,268285,120.0,3.85841400841374,3.650485404468748,24.6,0,Quận 11,TP Hồ Chí Minh
591,268283,78.0,4.0,3.7651639775649746,10.8,0,Thanh Xuân,Hà Nội
592,268280,100.0,4.0,3.0,0.00089,0,Đức Hòa,Long An
593,268277,55.0,5.0,5.0,165354402.8355788,1,Bình Thạnh,TP Hồ Chí Minh
594,268274,34.0,2.0,3.0,4.35,1,Tân Phú,TP Hồ Chí Minh
595,268270,126.0,2.0,2.0,1.05,0,Vĩnh Cửu,Đồng Nai
596,268269,20.0,2.0,3.0,2.98,0,Bình Thạnh,TP Hồ Chí Minh
597,268267,207.0,2.0,2.0511620650798656,13.6,1,Thủ Đức,TP Hồ Chí Minh
598,268266,62.0,2.0,3.0,2.47,1,Tân Uyên,Bình Dương
599,268265,62.0,2.0,3.0,2.47,1,Tân Uyên,Bình Dương
600,268264,60.0,4.0,4.0,6.1,0,Hồng Bàng,Hải Phòng
601,268259,51.0,4.0,3.0,5.45,0,Thanh Xuân,Hà Nội
602,268258,66.0,4.0,6.0,12.5,0,Gò Vấp,TP Hồ Chí Minh
603,268255,90.0,16.0,14.20846112335002,14.5,0,Tân Bình,TP Hồ Chí Minh
604,268254,94.0,2.7008002251318963,2.0,6.3,0,Tân Bình,TP Hồ Chí Minh
605,268253,34.0,3.0,4.0,3.5,1,Hoàng Mai,Hà Nội
606,268252,250.0,3.0,3.0,15.2,0,Cẩm Lệ,Đà Nẵng
607,268251,31.0,3.0,4.0,4.0,0,Cầu Giấy,Hà Nội
608,268249,45.0,3.0,2.0,2.6,0,Bình Tân,TP Hồ Chí Minh
609,268244,43.0,4.0,3.7580711037523575,4.9,0,Bình Tân,TP Hồ Chí Minh
610,268239,40.0,4.0,3.7574631436376604,10.2,0,Tây Hồ,Hà Nội
611,268238,64.0,2.0,2.0,4.5,1,Bình Tân,TP Hồ Chí Minh
612,268232,61.0,4.0,4.0,6.57,0,Thanh Xuân,Hà Nội
613,268224,41.0,3.13923973655646,3.008742299267755,4.6,0,Long Biên,Hà Nội
614,268222,80.0,3.488519980236681,3.3347231474722983,165354402.83561462,1,Gò Vấp,TP Hồ Chí Minh
615,268220,51.0,4.0,6.0,8.99,1,Gò Vấp,TP Hồ Chí Minh
616,268219,525.0,7.545320089455084,6.940434228876825,18.0,1,Thủ Đức,TP Hồ Chí Minh
617,268216,80.0,4.0,5.0,11.4,1,Long Biên,Hà Nội
618,268211,90.0,3.0,2.8975238046360796,1100.0,0,Biên Hòa,Đồng Nai
619,268210,70.0,3.403240418973194,3.2443188816437893,2.1,0,Hải Châu,Đà Nẵng
620,268208,43.0,2.0,1.0,2.4,1,Quận 9,TP Hồ Chí Minh
621,268207,96.0,9.0,9.0,24.0,0,Cầu Giấy,Hà Nội
622,268203,128.0,2.0,3.0,9000000.0,0,Thủ Đức,TP Hồ Chí Minh
623,268201,49.0,4.0,3.0,5.4,0,Tân Phú,TP Hồ Chí Minh
624,268193,64.0,2.0,2.0,4.5,1,Bình Tân,TP Hồ Chí Minh
625,268191,30.0,3.0389936514261575,2.9195575978856105,3100000.0,0,Thủ Đức,TP Hồ Chí Minh
626,268190,68.0,5.0,4.0,6.4,0,Gò Vấp,TP Hồ Chí Minh
627,268189,45.0,4.0,3.7584764107555833,4.4,0,Thanh Xuân,Hà Nội
628,268188,102.0,2.0,2.0298834448167264,9.6,0,Long Biên,Hà Nội
629,268187,77.0,5.0,4.0,9.8,0,Gò Vấp,TP Hồ Chí Minh
630,268185,38.0,2.0,2.0,3.5,0,Gò Vấp,TP Hồ Chí Minh
631,268184,130.0,7.0,6.0,9.2,0,Quận 12,TP Hồ Chí Minh
632,268183,36.0,2.0,2.016508311841034,4.3,0,Thanh Xuân,Hà Nội
633,268182,35.0,3.0,1.0,3.75,0,Thanh Xuân,Hà Nội
634,268181,35.0,3.0,1.0,3.75,0,Thanh Xuân,Hà Nội
635,268175,59.0,4.0,4.0,5.95,0,Hồng Bàng,Hải Phòng
636,268174,43.0,3.0,2.0,165354402.83556128,1,Bình Thạnh,TP Hồ Chí Minh
637,268173,41.0,2.0,2.0,2.65,1,Tân Phú,TP Hồ Chí Minh
638,268167,41.0,4.0,3.0,4.1,0,Lê Chân,Hải Phòng
639,268165,35.0,3.0,4.0,4.8,0,Hà Đông,Hà Nội
640,268164,160.0,4.220743022435179,3.978302668184273,52000000.0,0,Dĩ An,Bình Dương
641,268162,32.0,3.057308490347526,2.935632325333969,3.7,0,Hà Đông,Hà Nội
642,268160,46.0,3.184757095571865,3.049358951436553,4.8,0,Long Biên,Hà Nội
643,268157,56.0,4.0,3.0,5.5,0,Tân Bình,TP Hồ Chí Minh
644,268156,45.0,3.0,4.0,4.45,1,Hoàng Mai,Hà Nội
645,268155,36.0,4.0,4.0,5.5,0,Gò Vấp,TP Hồ Chí Minh
646,268154,33.0,3.0,4.0,3.2,1,Hoàng Mai,Hà Nội
647,268153,46.0,2.0,3.0,165354402.83556563,0,Quận 10,TP Hồ Chí Minh
648,268152,100.0,3.0,2.0,2.4,0,Bình Chánh,TP Hồ Chí Minh
649,268151,35.0,3.0846189057383224,2.9600023166646428,4.35,0,Hà Đông,Hà Nội
650,268150,38.0,2.0,2.0,48.0,0,Bình Thạnh,TP Hồ Chí Minh
651,268149,45.0,2.0,2.0,5.8,0,Gò Vấp,TP Hồ Chí Minh
652,268148,90.0,3.36673457425159,3.755089726670987,6280000000.0,0,Từ Sơn,Bắc Ninh
653,268147,35.0,2.0,2.0,4.35,1,Gò Vấp,TP Hồ Chí Minh
654,268146,48.0,4.0,4.0,10.0,0,Hà Đông,Hà Nội
655,268145,42.0,2.0,2.0,4.98,1,Gò Vấp,TP Hồ Chí Minh
656,268144,42.0,2.0,2.0,4.98,1,Gò Vấp,TP Hồ Chí Minh
657,268143,47.0,3.193860567327611,3.057482281945741,6.2,0,Long Biên,Hà Nội
658,268141,28.0,2.0,1.0,165354402.8355396,0,Bình Thạnh,TP Hồ Chí Minh
659,268140,60.0,4.0,4.0,11.0,0,Thanh Xuân,Hà Nội
660,268137,34.0,3.0,3.0,3.35,1,Quận 3,TP Hồ Chí Minh
661,268136,230.0,4.859795906961477,4.5440517518495245,23.0,0,Thủ Đức,TP Hồ Chí Minh
662,268132,27.0,3.0,2.0,3.3,0,Quận 3,TP Hồ Chí Minh
663,268129,120.0,3.858413971680563,3.650485463003826,1080.0,0,Vĩnh Cửu,Đồng Nai
664,268128,120.0,3.858413971680563,3.650485463003826,1080.0,0,Vĩnh Cửu,Đồng Nai
665,268127,42.0,3.0,4.0,4.73,0,Thanh Xuân,Hà Nội
666,268120,43.0,3.1574466801654064,3.024988960130837,4.6,1,Tân Bình,TP Hồ Chí Minh
667,268119,47.0,4.0,3.0,6.5,0,Gò Vấp,TP Hồ Chí Minh
668,268118,74.0,4.0,4.0,9.2,0,Thanh Xuân,Hà Nội
669,268117,40.0,3.130136264765909,3.000618968814029,4.2,1,Đống Đa,Hà Nội
670,268116,40.0,5.0,5.0,5.9,0,Bình Thạnh,TP Hồ Chí Minh
671,268115,88.0,7.0,5.0,8.5,0,Bình Thạnh,TP Hồ Chí Minh
672,268114,36.0,3.0,4.0,4.4,1,Long Biên,Hà Nội
673,268113,43.0,3.0,2.0,5.1,0,Gò Vấp,TP Hồ Chí Minh
674,268112,35.0,4.0,5.0,3.55,0,Thanh Trì,Hà Nội
675,268110,38.0,2.0,2.0,4.19,0,Bình Thạnh,TP Hồ Chí Minh
676,268109,50.0,5.0,4.0,8.9,0,Hà Đông,Hà Nội
677,268108,50.0,5.0,5.0,10.0,0,Quận 10,TP Hồ Chí Minh
678,268100,38.0,3.0,4.0,6.0,0,Cầu Giấy,Hà Nội
679,268099,30.0,1.0,1.1452202820477377,3.65,0,Hai Bà Trưng,Hà Nội
680,268097,35.0,1.0,1.146233549521504,2.0,0,Hai Bà Trưng,Hà Nội
681,268095,42.0,3.0,2.0,3.6,1,Tân Phú,TP Hồ Chí Minh
682,268093,52.0,3.0,2.0,5.4,0,Gò Vấp,TP Hồ Chí Minh
683,268092,64.0,2.0,2.0,2.82,0,Gò Vấp,TP Hồ Chí Minh
684,268091,64.0,4.0,4.0,6.85,0,Gò Vấp,TP Hồ Chí Minh
685,268089,45.0,3.0,3.0,4.7,1,Gò Vấp,TP Hồ Chí Minh
686,268088,21.0,2.9514151437727674,2.855446652011371,165354402.83552969,0,Hai Bà Trưng,Hà Nội
687,268086,58.0,3.0,2.8910387977158685,1.6,0,Bình Tân,TP Hồ Chí Minh
688,268085,35.0,2.0,2.0,4.4,1,Tân Phú,TP Hồ Chí Minh
689,268084,55.0,3.2609331851248533,3.1316398866837702,165354402.83557865,0,Quận 10,TP Hồ Chí Minh
690,268083,32.0,4.0,4.0,5.23,0,Đống Đa,Hà Nội
691,268080,37.0,3.0,4.0,3.65,1,Hoàng Mai,Hà Nội
692,268079,72.0,3.0,4.0,5.95,0,Cầu Giấy,Hà Nội
693,268078,50.0,2.0,1.0,4.4,0,Bình Thạnh,TP Hồ Chí Minh
694,268076,15.0,6.0,5.0,9.0,0,Quận 10,TP Hồ Chí Minh
695,268075,54.0,2.0,2.0,165354402.83557707,0,Bình Thạnh,TP Hồ Chí Minh
696,268074,78.0,3.476068193259318,3.3093055253346066,6.4,1,Tân Bình,TP Hồ Chí Minh
697,268073,54.0,3.25182971332038,3.1235165562522287,165354402.8355772,0,Long Biên,Hà Nội
698,268072,40.0,3.130136264689338,3.0006189689360463,6.4,1,Tân Bình,TP Hồ Chí Minh
699,268067,57.27844524010085,2.0,3.0,0.00055,0,Hóc Môn,TP Hồ Chí Minh
700,268066,78.0,2.0,2.0,5.0,0,Quận 2,TP Hồ Chí Minh
701,268065,20.0,2.0,2.0,2.4,0,Gò Vấp,TP Hồ Chí Minh
702,268064,62.0,4.0,5.0,8.5,0,Gò Vấp,TP Hồ Chí Minh
703,268063,70.0,3.403240418973194,3.2443188816437893,2.1,0,Hải Châu,Đà Nẵng
704,268062,49.0,3.0,2.8892149162485135,4.4,1,Bình Tân,TP Hồ Chí Minh
705,268061,41.0,3.0267876361199493,3.0,5.5,0,Quận 3,TP Hồ Chí Minh
706,268060,40.0,3.0,3.0,4.5,0,Tân Phú,TP Hồ Chí Minh
707,268059,41.0,3.0267876361199493,3.0,5.5,0,Quận 3,TP Hồ Chí Minh
708,268058,72.0,4.0,5.0,15.6,1,Long Biên,Hà Nội
709,268057,72.0,4.0,5.0,15.6,1,Long Biên,Hà Nội
710,268056,190.0,2.0,2.0,19.0,0,Tân Phú,TP Hồ Chí Minh
711,268055,75.0,1.0,1.0,10.5,0,Gò Vấp,TP Hồ Chí Minh
712,268050,44.0,2.0,2.0,165354402.83556268,0,Gò Vấp,TP Hồ Chí Minh
713,268047,31.0,3.0,2.0,165354402.83554402,0,Phú Nhuận,TP Hồ Chí Minh
714,268046,31.0,3.0,2.0,165354402.83554402,0,Phú Nhuận,TP Hồ Chí Minh
715,268044,47.0,2.0,1.0,2.6,1,Quận 9,TP Hồ Chí Minh
716,268043,22.0,2.0,2.0,165354402.83553103,0,Gò Vấp,TP Hồ Chí Minh
717,268041,100.0,3.6763445727628197,3.4880187951390997,12.0,0,Long Biên,Hà Nội
718,268040,58.0,4.0,6.0,10.9,0,Đà Lạt,Lâm Đồng
719,268039,28.0,3.0,3.0,165354402.83553976,0,Quận 5,TP Hồ Chí Minh
720,268035,33.0,2.0,2.0,165354402.83554685,0,Bình Thạnh,TP Hồ Chí Minh
721,268034,33.0,2.0,2.0,165354402.83554685,0,Bình Thạnh,TP Hồ Chí Minh
722,268031,75.0,4.0,4.0,3480.0,0,Từ Sơn,Bắc Ninh
723,268029,55.0,6.0,6.0,13.0,0,Hai Bà Trưng,Hà Nội
724,268028,120.0,3.8584140090437105,3.6504854034648773,6.5,0,Từ Sơn,Bắc Ninh
725,268026,148.0,2.0,2.0395484872589518,4000000.0,0,Dĩ An,Bình Dương
726,268025,104.0,2.0,3.0,11.3,0,Phú Nhuận,TP Hồ Chí Minh
727,268024,52.0,5.0,5.0,6.5,0,Bình Thạnh,TP Hồ Chí Minh
728,268023,40.0,2.0,2.0,165354402.83555692,1,Bình Thạnh,TP Hồ Chí Minh
729,268021,65.0,3.3577230599195036,3.2037022295360003,3.0,0,Quận 2,TP Hồ Chí Minh
730,268019,44.0,2.0,3.0,4.98,1,Gò Vấp,TP Hồ Chí Minh
731,268018,162.0,4.03192993886276,4.324440029489779,6000000000.0,0,Từ Sơn,Bắc Ninh
732,268017,223.0,3.0,3.0,3700000000.0,0,Hai Bà Trưng,Hà Nội
733,268015,98.0,3.6523824727171967,3.4809430952400393,165354402.83564052,0,Hồng Bàng,Hải Phòng
734,268009,90.0,3.579554698281412,3.4159564517877103,165354402.83562902,0,Quận 2,TP Hồ Chí Minh
735,268007,70.0,3.4032404188635583,3.2443188818184963,5.25,0,Tân Bình,TP Hồ Chí Minh
736,268006,80.0,3.4918387884187405,3.3294345579057696,70000000.0,1,Quận 3,TP Hồ Chí Minh
737,268005,36.0,3.093722377621107,2.968125646971394,2.1,0,Hải Châu,Đà Nẵng
738,268004,64.86492274041082,3.356493387634371,3.2026049527385387,10.5,0,Long Biên,Hà Nội
739,268003,61.5295385243497,3.0,4.0,5.5,1,Đống Đa,Hà Nội
740,268001,70.0,4.0,3.0,9.5,1,Hà Đông,Hà Nội
741,268000,68.0,3.0,3.0,6.1,1,Đống Đa,Hà Nội
742,267999,140.0,5.0,4.0,16.3,0,Gò Vấp,TP Hồ Chí Minh
743,267996,60.0,3.0,3.0,4.3,0,Quận 12,TP Hồ Chí Minh
744,267993,56.0,2.0,2.0,4.9,0,Tân Phú,TP Hồ Chí Minh
745,267992,36.0,3.087967220839864,2.9772966084844885,165354402.8355513,0,Thanh Xuân,Hà Nội
746,267991,37.0,3.102825849376853,2.976248977480582,3.5,0,Thanh Xuân,Hà Nội
747,267989,257.0,5.099834489628422,4.772552633855081,165354402.8358694,0,Thanh Xuân,Hà Nội
748,267988,120.0,3.858414009144645,3.6504854033040366,3.6,0,Thanh Trì,Hà Nội
749,267987,120.0,4.0,3.0,3.4,1,Đống Đa,Hà Nội
750,267986,30.0,3.0391015467779092,2.9193856644082143,2.57,0,Quận 2,TP Hồ Chí Minh
751,267985,72.0,7.0,7.0,12900000000.0,1,Tân Bình,TP Hồ Chí Minh
752,267984,60.0,7.0,7.0,12900000000.0,1,Tân Bình,TP Hồ Chí Minh
753,267983,75.0,2.0,3.0,2.5,1,Bình Tân,TP Hồ Chí Minh
754,267981,85.0,3.4273403953427435,3.0,10.5,0,Thanh Xuân,Hà Nội
755,267980,72.0,2.0,2.023803838619355,3.7,0,Tân Phú,TP Hồ Chí Minh
756,267979,18.0,2.9298598849247988,2.821905699547521,8.3,1,Thủ Đức,TP Hồ Chí Minh
757,267977,63.036588759519745,3.0,3.0,13.0,1,Cầu Giấy,Hà Nội
758,267976,65.78063181602255,4.0,5.0,16.0,0,Quận 1,TP Hồ Chí Minh
759,267973,59.03098661511132,2.0,2.0,165354402.8355843,0,Quận 3,TP Hồ Chí Minh
760,267969,70.0,4.0,6.0,12.2,0,Long Biên,Hà Nội
761,267968,70.0,4.0,6.0,12.2,0,Long Biên,Hà Nội
762,267965,36.0,4.0,3.0,3.6,0,Gò Vấp,TP Hồ Chí Minh
763,267964,42.0,3.0,3.0,165354402.8355599,0,Bình Thạnh,TP Hồ Chí Minh
764,267963,46.0,5.0,6.0,10.8,0,Thanh Xuân,Hà Nội
765,267961,62.0,3.324657487756165,3.188503199704558,165354402.83558872,0,Quận 10,TP Hồ Chí Minh
766,267960,56.0,3.0,2.0,5.4,0,Gò Vấp,TP Hồ Chí Minh
767,267958,40.0,4.0,5.0,13.0,1,Hai Bà Trưng,Hà Nội
768,267957,40.0,3.1300283694708892,3.0007909022010213,3100000.0,1,Thủ Đức,TP Hồ Chí Minh
769,267952,17.0,2.9207564133221946,2.813782368794298,2.5,0,Tân Bình,TP Hồ Chí Minh
770,267951,45.0,2.0,2.0,4.68,0,Thanh Xuân,Hà Nội
771,267950,40.0,2.0,2.0,165354402.83555692,0,Quận 5,TP Hồ Chí Minh
772,267949,64.0,3.3486195879584084,3.19557889935404,7.5,0,Tân Bình,TP Hồ Chí Minh
773,267947,60.0,4.0,3.7615162136956397,5.5,1,Hai Bà Trưng,Hà Nội
774,267946,30.0,3.0391015467507616,2.9193856644514753,3.35,0,Hoàng Mai,Hà Nội
775,267945,31.0,3.0482050185691567,2.927508994860831,2.95,0,Hoàng Mai,Hà Nội
776,267944,45.0,3.175653623762171,3.0412356210133304,4.95,0,Hai Bà Trưng,Hà Nội
777,267943,58.0,3.2939987571698546,3.146838916703785,6.4,0,Hoàng Mai,Hà Nội
778,267940,64.0,3.3486195879584084,3.19557889935404,7.5,0,Tân Bình,TP Hồ Chí Minh
779,267939,156.0,4.186138993917732,3.942925299139012,9.0,0,Quận 9,TP Hồ Chí Minh
780,267938,156.0,4.186138993917732,3.942925299139012,9.0,0,Quận 9,TP Hồ Chí Minh
781,267937,100.0,3.0,3.0,4800000.0,0,Bình Tân,TP Hồ Chí Minh
782,267936,43.0,3.0,3.0,4.0,0,Quận 8,TP Hồ Chí Minh
783,267933,162.0,3.8909697656810973,4.549062984565738,10050000000.0,0,Từ Sơn,Bắc Ninh
784,267926,43.0,3.0,2.0,3.2,1,Tân Phú,TP Hồ Chí Minh
785,267923,40.0,2.0,2.0,3050000.0,0,Thủ Đức,TP Hồ Chí Minh
786,267922,39.0,2.1943541192508107,2.0,165354402.83555555,0,Gò Vấp,TP Hồ Chí Minh
787,267921,46.0,2.0,2.0,165354402.83556557,0,Tân Phú,TP Hồ Chí Minh
788,267920,55.0,3.2666883418573702,3.122468925248321,3.5,0,Gia Lâm,Hà Nội
789,267918,97.0,3.648867093858104,3.4639150229775355,4800000.0,0,Thủ Đức,TP Hồ Chí Minh
790,267916,90.0,3.0,3.0,3600000.0,0,Huế,Thừa Thiên Huế
791,267915,42.0,2.2273361595640853,2.0,2400000.0,0,Thủ Đức,TP Hồ Chí Minh
792,267912,87.0,3.0,2.896915750158678,4.8,0,Bình Tân,TP Hồ Chí Minh
793,267911,24.0,2.0,2.0,165354402.8355339,0,Phú Nhuận,TP Hồ Chí Minh
794,267909,64.0,4.0,4.0,7.5,1,Tân Bình,TP Hồ Chí Minh
795,267906,61.0,2.0,3.0,2.47,1,Tân Uyên,Bình Dương
796,267904,62.0,2.0,3.0,2.47,1,Tân Uyên,Bình Dương
797,267900,26.0,2.996932502795133,2.896063304169077,165354402.8355369,0,Hồng Bàng,Hải Phòng
798,267897,189.0,4.0,4.0,165354402.8357716,0,Bình Thạnh,TP Hồ Chí Minh
799,267895,64.86492276045341,3.356493387346961,3.202604953650095,24.0,0,Quận 6,TP Hồ Chí Minh
800,267894,40.0,2.0,2.0,495000.0,0,Bình Thạnh,TP Hồ Chí Minh
801,267893,95.0,3.0,2.0,6.5,1,Biên Hòa,Đồng Nai
802,267892,23.0,3.0,3.0,3200000.0,0,Tân Bình,TP Hồ Chí Minh
803,267889,38.0,2.0,3.0,41000.0,1,Bình Thạnh,TP Hồ Chí Minh
804,267887,56.0,2.0,2.0,165354402.83557996,0,Gò Vấp,TP Hồ Chí Minh
805,267886,40.0,4.0,3.771641505852194,165354402.83555707,1,Quận 10,TP Hồ Chí Minh
806,267883,27.0,1.0,2.0,1.69,0,Tân Bình,TP Hồ Chí Minh
807,267881,55.0,3.2609331851248533,3.1316398866837702,165354402.83557865,0,Phú Nhuận,TP Hồ Chí Minh
808,267877,28.0,2.0,2.0,4.9,1,Tân Phú,TP Hồ Chí Minh
809,267876,55.0,2.0,2.0,165354402.83557853,0,Phú Nhuận,TP Hồ Chí Minh
810,267875,48.0,5.0,5.0,165354402.83556873,0,Bình Thạnh,TP Hồ Chí Minh
811,267873,21.0,4.0,3.0,3.3,0,Hồng Bàng,Hải Phòng
812,267871,36.0,2.0,2.0,165354402.83555117,0,Gò Vấp,TP Hồ Chí Minh
813,267867,70.0,3.0,2.0,165354402.83560017,0,Gò Vấp,TP Hồ Chí Minh
814,267864,216.0,5.422611461837124,4.0,165354402.83581042,0,Gò Vấp,TP Hồ Chí Minh
815,267863,50.0,3.2199214841377546,3.0838433751402565,35900000.0,1,Quận 1,TP Hồ Chí Minh
816,267861,81.79350321956743,7.0,6.0,165354402.8356175,0,Bình Thạnh,TP Hồ Chí Minh
817,267860,67.28770087118482,4.0,4.0,12700.0,0,Từ Sơn,Bắc Ninh
818,267859,65.11041387579814,3.3529730527747352,3.213770119396517,165354402.8355932,0,Bình Tân,TP Hồ Chí Minh
819,267858,65.11041387579814,3.3529730527747352,3.213770119396517,165354402.8355932,0,Bình Tân,TP Hồ Chí Minh
820,267857,45.0,4.0,3.0,165354402.83556426,0,Phú Nhuận,TP Hồ Chí Minh
821,267856,50.0,4.0,3.0,3.1,1,Hồng Bàng,Hải Phòng
822,267855,54.0,3.0,2.0,165354402.83557713,0,Quận 1,TP Hồ Chí Minh
823,267854,47.0,3.0,3.0,165354402.8355671,0,Gò Vấp,TP Hồ Chí Minh
824,267852,65.0,4.0,3.0,4.4,0,Bình Tân,TP Hồ Chí Minh
825,267849,37.0,3.102825849307243,2.976248977591507,5.5,0,Tân Bình,TP Hồ Chí Minh
826,267846,26.0,3.0,4.0,4.1,1,Thanh Xuân,Hà Nội
827,267845,46.0,3.0,3.0,3.35,1,Đống Đa,Hà Nội
828,267843,40.0,4.0,4.0,10.0,0,Đống Đa,Hà Nội
829,267842,33.0,4.0,4.0,5.3,0,Tân Bình,TP Hồ Chí Minh
830,267841,65.0,3.351967903169584,3.2128731909991814,165354402.83559304,0,Đống Đa,Hà Nội
831,267839,70.0,3.0,4.0,5.5,0,Ba Đình,Hà Nội
832,267838,38.0,4.0,4.0,5000000.0,0,Bình Tân,TP Hồ Chí Minh
833,267837,38.0,5.0,5.0,7.0,0,Tân Bình,TP Hồ Chí Minh
834,267834,68.0,3.3792783185830033,3.2372431822938044,165354402.83559734,0,Bắc Từ Liêm,Hà Nội
835,267832,70.0,3.0,3.0,4.95,0,Tân Bình,TP Hồ Chí Minh
836,267831,120.0,2.0,3.0,41000.0,1,Bình Thạnh,TP Hồ Chí Minh
837,267828,64.54363897331103,3.0,2.0,6.1,0,Sơn Trà,Đà Nẵng
838,267827,67.2876820266961,4.0,4.0,7.0,0,Gò Vấp,TP Hồ Chí Minh
839,267825,64.86493313212269,3.356493238617562,3.2026054253633234,7010.0,0,Từ Sơn,Bắc Ninh
840,267822,78.0,10.0,10.0,15.5,0,Bình Thạnh,TP Hồ Chí Minh
841,267820,39.0,3.0,3.0,165354402.83555558,0,Bình Thạnh,TP Hồ Chí Minh
842,267819,49.0,3.0,2.0,165354402.83556992,0,Phú Nhuận,TP Hồ Chí Minh
843,267816,94.0,3.0,3.0,165354402.83563477,1,Bình Thạnh,TP Hồ Chí Minh
844,267815,50.0,4.0,3.0,3.5,0,Hồng Bàng,Hải Phòng
845,267813,66.0,3.3610713749740575,3.220996521430723,165354402.83559448,0,Bình Tân,TP Hồ Chí Minh
846,267812,70.0,3.0,3.0,4.3,0,Quận 9,TP Hồ Chí Minh
847,267809,32.0,2.0,2.0,3.99,0,Gò Vấp,TP Hồ Chí Minh
848,267808,63.0,4.0,3.0,165354402.83559018,0,Tân Bình,TP Hồ Chí Minh
849,267807,68.0,7.0,6.0,165354402.83559763,0,Bình Thạnh,TP Hồ Chí Minh
850,267806,43.0,3.157446680083615,3.024988960261174,6.95,0,Thanh Trì,Hà Nội
851,267805,150.0,4.0,3.7939333933876114,165354402.8357154,0,Quận 7,TP Hồ Chí Minh
852,267804,150.0,4.0,3.7939333933876114,165354402.8357154,0,Quận 7,TP Hồ Chí Minh
853,267802,67.0,3.37017484677853,3.229119851862263,165354402.8355959,0,Tân Bình,TP Hồ Chí Minh
854,267801,35.0,4.0,3.0,165354402.83554986,0,Gò Vấp,TP Hồ Chí Minh
855,267800,67.0,4.0,5.0,6.0,0,Quận 9,TP Hồ Chí Minh
856,267797,47.0,2.0,5.0,165354402.83556718,0,Phú Nhuận,TP Hồ Chí Minh
857,267793,150.0,4.131518163404137,3.894185316050604,1.7e-05,0,Đống Đa,Hà Nội
858,267792,30.0,1.0,1.1593986448239022,165354402.83554256,0,Quận 10,TP Hồ Chí Minh
859,267785,14.0,2.0,2.0,165354402.8355195,0,Quận 5,TP Hồ Chí Minh
860,267782,47.0,3.0,2.0,165354402.83556706,0,Phú Nhuận,TP Hồ Chí Minh
861,267781,48.0,2.0,2.0,3.1,0,Gò Vấp,TP Hồ Chí Minh
862,267779,145.0,4.086000804287798,3.8535686640426463,2.7,0,Hà Đông,Hà Nội
863,267778,50.0,3.2154158261024874,3.0910232345260638,165354402.83557144,0,Phú Nhuận,TP Hồ Chí Minh
864,267776,42.0,3.0,3.0,5.6,0,Bình Thạnh,TP Hồ Chí Minh
865,267774,80.0,3.4942751369935623,3.3255521859980237,2.8,0,Huế,Thừa Thiên Huế
866,267772,76.0,1.0,1.0,165354402.83560866,0,Gò Vấp,TP Hồ Chí Minh
867,267771,35.0,3.0846189058375164,2.9600023165065745,1.5,0,Quận 2,TP Hồ Chí Minh
868,267770,180.0,4.0,3.0,11.5,0,Dương Kinh,Hải Phòng
869,267768,56.0,4.0,3.0,4400000.0,0,Bình Tân,TP Hồ Chí Minh
870,267767,125.0,3.898176211437971,3.7002730168916496,165354402.8356794,0,Đống Đa,Hà Nội
871,267766,120.0,3.858414008747868,3.6504854039363086,15.0,0,Gia Lâm,Hà Nội
872,267764,50.0,3.2154158261024874,3.0910232345260638,165354402.83557144,0,Quận 3,TP Hồ Chí Minh
873,267762,59.0,4.0,2.0,1080.0,0,Vĩnh Cửu,Đồng Nai
874,267761,63.0,3.333760959560638,3.1966265301360988,165354402.83559015,0,Gò Vấp,TP Hồ Chí Minh
875,267756,52.0,4.0,3.0,11.5,0,Thanh Xuân,Hà Nội
876,267755,36.0,4.0,3.7566525294254203,8.8,0,Gò Vấp,TP Hồ Chí Minh
877,267754,22.0,3.0,4.0,5.8,1,Gò Vấp,TP Hồ Chí Minh
878,267753,57.27844524566742,2.0,3.0,3.75,0,Gò Vấp,TP Hồ Chí Minh
879,267751,59.03098661511132,2.0,2.0,165354402.8355843,0,Tân Bình,TP Hồ Chí Minh
880,267750,50.0,4.0,4.0,6.66,0,Đống Đa,Hà Nội
881,267746,80.0,3.4942751369935623,3.3255521859980237,2.8,0,Huế,Thừa Thiên Huế
882,267745,40.0,3.1300457719614054,3.0007631709719993,2600000.0,0,Thủ Đức,TP Hồ Chí Minh
883,267744,42.0,3.148245754574145,3.0170209243266903,2800000.0,1,Thủ Đức,TP Hồ Chí Minh
884,267743,20.0,2.0,1.0,165354402.83552808,1,Gò Vấp,TP Hồ Chí Minh
885,267742,61.0,2.0,3.0,2.5,1,Tân Uyên,Bình Dương
886,267741,62.0,2.0,3.0,2.53,1,Tân Uyên,Bình Dương
887,267739,31.0,2.0,3.0,3.2,0,Tân Bình,TP Hồ Chí Minh
888,267738,56.0,5.0,6.0,165354402.8355803,0,Phú Nhuận,TP Hồ Chí Minh
889,267735,57.0,3.2791401287337996,3.147886547546852,165354402.8355815,0,Gò Vấp,TP Hồ Chí Minh
890,267734,60.0,3.3064505441472183,3.172256538841475,165354402.83558583,0,Quận 3,TP Hồ Chí Minh
891,267733,63.0,3.3395161159277027,3.187455569283005,14.0,0,Long Biên,Hà Nội
892,267731,57.0,7.0,6.3853029415418305,165354402.83558166,1,Phú Nhuận,TP Hồ Chí Minh
893,267730,40.0,2.0,2.031497288653661,165354402.83555698,0,Gò Vấp,TP Hồ Chí Minh
894,267729,67.0,3.0,4.0,165354402.83559594,0,Tân Phú,TP Hồ Chí Minh
895,267727,29.0,2.0,4.0,165354402.83554122,0,Phú Nhuận,TP Hồ Chí Minh
896,267726,60.0,3.3122057009493453,3.1630855772951008,1.5,1,Bình Chánh,TP Hồ Chí Minh
897,267725,83.0,3.5158303956501005,3.359093138766922,165354402.83561894,1,Bình Thạnh,TP Hồ Chí Minh
898,267723,62.0,4.0,5.0,7.5,0,Gò Vấp,TP Hồ Chí Minh
899,267722,57.0,2.0,1.0,165354402.83558136,0,Phú Nhuận,TP Hồ Chí Minh
900,267719,32.0,2.0,2.0298760604692667,165354402.83554548,0,Quận 12,TP Hồ Chí Minh
901,267718,39.0,3.0,3.0,165354402.83555558,0,Bình Thạnh,TP Hồ Chí Minh
902,267717,55.0,2.0,2.0,165354402.83557853,0,Nhà Bè,TP Hồ Chí Minh
903,267715,49.0,4.0,3.0,8.3,0,Tân Bình,TP Hồ Chí Minh
904,267713,28.0,2.0,1.0,165354402.8355396,0,Bình Thạnh,TP Hồ Chí Minh
905,267711,50.0,2.0,2.0,165354402.83557132,0,Gò Vấp,TP Hồ Chí Minh
906,267710,84.0,4.0,3.780558260866361,165354402.8356204,1,Quận 5,TP Hồ Chí Minh
907,267707,92.0,3.0,2.0,4.5,0,Quận 9,TP Hồ Chí Minh
908,267706,29.0,2.0,4.0,165354402.83554122,0,Phú Nhuận,TP Hồ Chí Minh
909,267701,22.0,2.9605186155772407,2.8635699824429124,165354402.83553115,0,Gò Vấp,TP Hồ Chí Minh
910,267700,21.0,2.9514151437727674,2.855446652011371,165354402.83552969,0,Gò Vấp,TP Hồ Chí Minh
911,267699,45.0,2.0,2.0,165354402.83556414,0,Tân Bình,TP Hồ Chí Minh
912,267697,26.0,3.0,2.0,165354402.8355368,0,Gò Vấp,TP Hồ Chí Minh
913,267693,63.28207989119549,3.0,3.0,165354402.83559054,0,Phú Nhuận,TP Hồ Chí Minh
914,267689,65.11041387579814,3.3529730527747352,3.213770119396517,165354402.8355932,1,Phú Nhuận,TP Hồ Chí Minh
915,267687,69.04022339131492,4.0,3.0,165354402.83559886,0,Phú Nhuận,TP Hồ Chí Minh
916,267685,67.53317316727966,4.0,4.0,165354402.83559674,0,Bình Thạnh,TP Hồ Chí Minh
917,267684,65.11041387579814,3.3529730527747352,3.213770119396517,165354402.8355932,0,An Dương,Hải Phòng
918,267683,65.11041387579814,3.3529730527747352,3.213770119396517,165354402.8355932,0,An Dương,Hải Phòng
919,267682,60.26797944312493,3.0,5.0,165354402.8355863,0,Phú Nhuận,TP Hồ Chí Minh
920,267681,51.0,2.303595780904488,2.0,165354402.8355728,0,Gò Vấp,TP Hồ Chí Minh
921,267680,60.0,4.0,4.0,165354402.8355859,1,Phú Nhuận,TP Hồ Chí Minh
922,267679,35.0,4.0,2.0,165354402.8355498,0,Gò Vấp,TP Hồ Chí Minh
923,267678,51.0,3.0,2.0,6.0,0,Gò Vấp,TP Hồ Chí Minh
924,267677,54.0,3.0,3.0,165354402.8355772,0,Bình Thạnh,TP Hồ Chí Minh
925,267674,69.0,2.0,2.0,3.5,0,Gò Vấp,TP Hồ Chí Minh
926,267673,25.0,4.0,3.0,165354402.83553547,0,Gò Vấp,TP Hồ Chí Minh
927,267671,42.0,3.0,3.0,6.5,0,Tân Bình,TP Hồ Chí Minh
928,267670,32.0,4.0,3.0,165354402.83554554,0,Phú Nhuận,TP Hồ Chí Minh
929,267666,50.0,3.0,3.0,1.95,0,Gò Vấp,TP Hồ Chí Minh
930,267663,70.0,3.0,2.907649002944405,165354402.83560023,0,Gò Vấp,TP Hồ Chí Minh
931,267661,100.0,3.0,4.0,5.6,0,Tây Hồ,Hà Nội
932,267660,75.0,4.0,3.0,4.6,0,Thanh Xuân,Hà Nội
933,267658,17.0,4.0,5.0,13.0,1,Hai Bà Trưng,Hà Nội
934,267657,68.79473224701978,4.0,3.0,4.5,0,Biên Hòa,Đồng Nai
935,267656,68.5851132514554,4.0,3.7632560168288527,1.85,0,Vĩnh Cửu,Đồng Nai
936,267654,71.10039523972324,3.267076915748343,3.486200079447362,4200000000.0,1,Quận 9,TP Hồ Chí Minh
937,267653,60.5380368391466,2.0,1.0,165354402.83558643,0,Bình Thạnh,TP Hồ Chí Minh
938,267652,60.5380368391466,2.0,1.0,165354402.83558643,0,Bình Thạnh,TP Hồ Chí Minh
939,267651,65.32003286742824,3.2424292129495353,3.0,165354402.8355935,0,Tân Phú,TP Hồ Chí Minh
940,267648,28.0,3.0,3.0,165354402.83553976,0,Quận 5,TP Hồ Chí Minh
941,267646,18.0,1.0,1.0,165354402.83552518,0,Gò Vấp,TP Hồ Chí Minh
942,267645,44.0,4.0,3.758273757352577,5.8,0,Thanh Xuân,Hà Nội
943,267642,52.0,4.0,3.759894985468374,5.0,0,Thanh Xuân,Hà Nội
944,267640,38.0,2.0,2.0,165354402.83555406,0,Gò Vấp,TP Hồ Chí Minh
945,267639,48.0,4.0,3.0,4.1,0,Gò Vấp,TP Hồ Chí Minh
946,267638,48.0,3.0,2.8890122627168893,4.3,0,Thanh Xuân,Hà Nội
947,267637,100.0,3.0,2.899550245915444,4.3,0,Thanh Xuân,Hà Nội
948,267635,28.0,3.0,4.0,165354402.83553982,0,Tân Bình,TP Hồ Chí Minh
949,267634,24.0,2.0,2.0,165354402.8355339,0,Gò Vấp,TP Hồ Chí Minh
950,267632,24.0,2.0,2.0,165354402.8355339,0,Quận 3,TP Hồ Chí Minh
951,267629,50.0,3.0,2.0,165354402.83557138,0,Phú Nhuận,TP Hồ Chí Minh
952,267627,29.0,4.0,4.0,12.9,0,Cầu Giấy,Hà Nội
953,267623,29.0,3.0,2.899340208499386,165354402.8355412,0,Phú Nhuận,TP Hồ Chí Minh
954,267622,22.0,3.0,2.897921633838041,165354402.83553112,0,Phú Nhuận,TP Hồ Chí Minh
955,267621,43.0,3.1516915234711758,3.0341599215052764,165354402.83556136,0,Bình Thạnh,TP Hồ Chí Minh
956,267619,40.0,3.0,2.0,165354402.83555698,0,Bình Thạnh,TP Hồ Chí Minh
957,267617,21.0,2.0,2.027646871715725,165354402.83552966,0,Bình Thạnh,TP Hồ Chí Minh
958,267616,77.0,3.4612095648232613,3.310353156177675,165354402.8356103,0,Gò Vấp,TP Hồ Chí Minh
959,267613,64.54363896425549,3.0,2.0,0.0005,0,Hóc Môn,TP Hồ Chí Minh
960,267611,113.0,2.0,2.0,9400000.0,0,Huế,Thừa Thiên Huế
961,267608,30.0,3.0,3.0,2.3,0,Hà Đông,Hà Nội
962,267607,30.0,3.0,3.0,2.3,0,Hà Đông,Hà Nội
963,267606,61.0,3.3213091725658717,3.1712089080261396,6.9,0,Long Biên,Hà Nội
964,267605,45.0,3.1756536238370017,3.0412356208940867,2.8,0,Thanh Trì,Hà Nội
965,267604,50.0,2.0,1.0,3.5,0,Quận 9,TP Hồ Chí Minh
966,267600,512.0,5.0,4.0,34.0,0,Quận 9,TP Hồ Chí Minh
967,267597,56.0,3.0,3.0,4.8,0,Tân Phú,TP Hồ Chí Minh
968,267596,36.0,2.0,2.0165083118024483,3.85,0,Gò Vấp,TP Hồ Chí Minh
969,267594,53.0,3.2427262415159066,3.1153932258206876,165354402.83557576,0,Quận 10,TP Hồ Chí Minh
970,267593,60.0,10.0,8.981948865531326,8.3,1,Tân Bình,TP Hồ Chí Minh
971,267592,56.0,3.270036656929326,3.139763217115311,165354402.83558008,0,Tân Bình,TP Hồ Chí Minh
972,267591,15.0,2.8967943129459286,2.806706669422124,165354402.83552107,0,Tân Bình,TP Hồ Chí Minh
973,267590,110.0,3.0,2.0,12.5,1,Quận 11,TP Hồ Chí Minh
974,267589,111.0,2.0,2.0,2.7,0,Phú Nhuận,TP Hồ Chí Minh
975,267588,45.0,3.1756536237430284,3.0412356210438354,5.5,0,Quận 9,TP Hồ Chí Minh
976,267587,21.0,4.0,3.0,4.3,0,Gò Vấp,TP Hồ Chí Minh
977,267583,64.86492272897911,3.356493387798301,3.2026049522186146,2.8,0,Thanh Trì,Hà Nội
978,267582,63.03658874348567,3.0,3.0,2.2,1,Tân Bình,TP Hồ Chí Minh
979,267581,64.86492273432381,3.3564933877216583,3.2026049524616957,6.4,1,Tân Bình,TP Hồ Chí Minh
980,267580,27.0,3.011791131379108,2.895015673090297,2.15,1,Tân Phú,TP Hồ Chí Minh
981,267579,31.0,3.048205018598741,2.927508994813688,2.1,0,Hà Đông,Hà Nội
982,267578,40.0,3.1301362647989737,3.0006189687613394,3.25,0,Hà Đông,Hà Nội
983,267570,65.0,3.0,4.0,4.38,0,Long Biên,Hà Nội
984,267569,140.0,4.0,4.0,5.8,1,Hoàng Mai,Hà Nội
985,267560,55.0,4.0,4.0,165354402.8355787,0,Hà Đông,Hà Nội
986,267557,90.0,3.0,2.0,5.65,1,Quận 9,TP Hồ Chí Minh
987,267555,90.0,4.0,4.0,11.45,0,Quận 5,TP Hồ Chí Minh
988,267554,55.0,5.0,4.0,10.95,0,Quận 2,TP Hồ Chí Minh
989,267553,60.0,5.0,4.0,10.95,0,Quận 2,TP Hồ Chí Minh
990,267552,65.0,6.0,5.0,6.0,1,Quận 5,TP Hồ Chí Minh
991,267551,37.0,3.0,2.0,6.78,1,Quận 10,TP Hồ Chí Minh
992,267549,32.0,3.0572371402651877,2.9357460231677464,2050000.0,0,Thủ Đức,TP Hồ Chí Minh
993,267548,40.0,3.0,2.9015693972529277,165354402.83555704,0,Gò Vấp,TP Hồ Chí Minh
994,267546,48.0,3.0,3.0,165354402.83556855,0,Gò Vấp,TP Hồ Chí Minh
995,267545,123.0,3.8857244245458826,3.6748553946180715,3.95,0,Thanh Trì,Hà Nội
996,267541,33.0,1.0,1.0,165354402.83554676,0,Gò Vấp,TP Hồ Chí Minh
997,267540,68.79473224501552,4.0,3.0,3.15,0,Hồng Bàng,Hải Phòng
998,267539,63.03658875328428,3.0,3.0,8.8,0,Gò Vấp,TP Hồ Chí Minh
999,267538,61.5295385243497,3.0,4.0,5.5,0,Ba Đình,Hà Nội
1000,267537,33.0,3.0,4.0,5.5,0,Ba Đình,Hà Nội
1001,267535,35.0,3.0788637490353907,2.9691732780529465,165354402.83554986,0,Quận 10,TP Hồ Chí Minh
1002,267534,40.0,3.1243811080577566,3.009789930210653,165354402.83555704,1,Thanh Xuân,Hà Nội
1003,267530,56.0,2.0,2.0,165354402.83557996,0,Tân Phú,TP Hồ Chí Minh
1004,267528,46.0,5.0,3.0,165354402.83556575,0,Bình Thạnh,TP Hồ Chí Minh
1005,267527,40.0,5.0,1.0,5.3,0,Thanh Xuân,Hà Nội
1006,267525,42.0,4.0,3.75786845028933,5.6,0,Thanh Xuân,Hà Nội
1007,267524,42.0,4.0,3.75786845028933,5.6,0,Thanh Xuân,Hà Nội
1008,267521,46.0,5.0,3.0,6.28,0,Gò Vấp,TP Hồ Chí Minh
1009,267520,52.0,4.0,3.0,165354402.83557433,0,Gò Vấp,TP Hồ Chí Minh
1010,267518,48.0,3.202964039149487,3.0656056123495508,5.7,0,Long Biên,Hà Nội
1011,267516,37.0,2.0,2.0,165354402.8355526,0,Gò Vấp,TP Hồ Chí Minh
1012,267514,26.0,2.0,2.0,165354402.83553678,0,Gò Vấp,TP Hồ Chí Minh
1013,267513,17.0,2.915001256554875,2.8229533302852063,165354402.83552393,0,Bình Thạnh,TP Hồ Chí Minh
1014,267510,52.0,3.121170669306247,3.0,165354402.8355743,0,Tân Phú,TP Hồ Chí Minh
1015,267508,29.0,4.0,3.769412317098652,165354402.83554125,0,Gò Vấp,TP Hồ Chí Minh
1016,267507,29.0,3.0,2.899340208499386,165354402.8355412,0,Phú Nhuận,TP Hồ Chí Minh
1017,267506,57.0,3.0,2.9050145071447644,165354402.8355815,0,Phú Nhuận,TP Hồ Chí Minh
1018,267505,64.86492273044891,3.3564933877772245,3.2026049522854616,3.79,1,Đông Anh,Hà Nội
1019,267504,70.5472736153502,4.0,2.0,165354402.83560097,0,Gò Vấp,TP Hồ Chí Minh
1020,267500,52.0,3.0,2.0,165354402.83557424,0,Gò Vấp,TP Hồ Chí Minh
1021,267499,60.0,3.0,2.0,165354402.83558577,0,Phú Nhuận,TP Hồ Chí Minh
1022,267498,35.0,2.0,2.0,165354402.83554974,0,Tân Phú,TP Hồ Chí Minh
1023,267494,37.0,3.1028258493524894,2.9762489775194054,4.2,1,Đông Anh,Hà Nội
1024,267492,48.0,4.0,3.0,4.55,1,Thanh Xuân,Hà Nội
1025,267491,49.0,4.0,3.0,4.1,1,Thanh Xuân,Hà Nội
1026,267490,120.0,3.0,2.0,165354402.83567214,0,Phú Nhuận,TP Hồ Chí Minh
1027,267487,44.0,4.0,4.0,165354402.83556288,0,Bình Thạnh,TP Hồ Chí Minh
1028,267486,51.0,3.0,2.0,165354402.8355728,0,Gò Vấp,TP Hồ Chí Minh
1029,267484,40.0,3.0,2.0,3.4,0,Gò Vấp,TP Hồ Chí Minh
1030,267482,40.0,4.0,2.0,1080.0,0,Biên Hòa,Đồng Nai
1031,267481,35.0,3.0788637490353907,2.9691732780529465,165354402.83554986,0,Tân Bình,TP Hồ Chí Minh
1032,267480,62.0,3.0,2.0,6.0,1,Gò Vấp,TP Hồ Chí Minh
1033,267479,52.0,3.2393257190942193,3.098182127446645,1500000.0,0,Thủ Đức,TP Hồ Chí Minh
1034,267478,68.79473224620322,4.0,3.0,3.95,0,Hồng Bàng,Hải Phòng
1035,267477,68.7947322456836,4.0,3.0,3.6,0,Hai Bà Trưng,Hà Nội
1036,267476,65.11041387579814,3.3529730527747352,3.213770119396517,165354402.8355932,0,Gò Vấp,TP Hồ Chí Minh
1037,267475,73.0458255164231,5.0,4.0,1.045e-05,0,Thanh Xuân,Hà Nội
1038,267474,78.80396903866361,6.0,4.0,14.9,0,Thanh Xuân,Hà Nội
1039,267473,61.77502966716021,3.0,4.0,165354402.83558843,0,Tân Bình,TP Hồ Chí Minh
1040,267471,168.0,4.295380654562066,4.040405265925916,38.0,0,Long Biên,Hà Nội
1041,267470,40.0,2.0,2.0,165354402.83555692,0,Phú Nhuận,TP Hồ Chí Minh
1042,267469,42.0,2.0,2.0319025956997594,165354402.83555987,0,Bình Thạnh,TP Hồ Chí Minh
1043,267466,36.0,3.087967220839864,2.9772966084844885,165354402.8355513,0,Gò Vấp,TP Hồ Chí Minh
1044,267463,82.0,3.5124820805746646,3.3417988469054762,3.6,0,Thanh Trì,Hà Nội
1045,267462,31.0,5.0,6.0,8.6,1,Long Biên,Hà Nội
1046,267459,42.0,3.0,3.0,3.25,0,Hà Đông,Hà Nội
1047,267458,39.0,4.0,3.0,6.4,1,Thanh Xuân,Hà Nội
1048,267457,72.0,3.0,2.0,3.7,1,Tân Phú,TP Hồ Chí Minh
1049,267456,64.0,3.0,3.0,5.6,0,Gò Vấp,TP Hồ Chí Minh
1050,267452,64.0,3.0,2.0,7.5,0,Tân Bình,TP Hồ Chí Minh
1051,267451,122.0,3.0,2.0,7.5,0,Tân Bình,TP Hồ Chí Minh
1052,267447,42.0,3.1483432081033764,3.016865630109718,12.0,1,Tân Phú,TP Hồ Chí Minh
1053,267446,23.0,3.0,2.0,5.1,0,Gò Vấp,TP Hồ Chí Minh
1054,267445,60.0,3.3122057008797356,3.163085577406026,3.5,0,Hai Bà Trưng,Hà Nội
1055,267444,63.28207989119549,3.0,3.0,165354402.83559054,1,Quận 12,TP Hồ Chí Minh
1056,267443,66.8270830914635,2.4476771855746793,2.0,165354402.8355956,0,Quận 9,TP Hồ Chí Minh
1057,267442,65.11041387579814,3.3529730527747352,3.213770119396517,165354402.8355932,0,Quận 8,TP Hồ Chí Minh
1058,267441,69.04022339131492,4.0,3.0,165354402.83559886,0,Tân Bình,TP Hồ Chí Minh
1059,267440,63.0724608995654,3.0,2.9062451127396405,165354402.83559024,0,Tân Bình,TP Hồ Chí Minh
1060,267438,40.0,3.1243811080577566,3.009789930210653,165354402.83555704,0,Tân Bình,TP Hồ Chí Minh
1061,267437,80.0,4.0,3.779747646774164,165354402.83561465,0,Tân Bình,TP Hồ Chí Minh
1062,267436,40.0,4.0,3.0,165354402.83555707,0,Tân Bình,TP Hồ Chí Minh
1063,267435,65.11041387579814,3.3529730527747352,3.213770119396517,165354402.8355932,0,Đống Đa,Hà Nội
1064,267431,30.0,2.0,2.0,3.9,0,Tân Bình,TP Hồ Chí Minh
1065,267425,86.0,3.543140811063519,3.3834631300615445,165354402.83562326,0,Từ Sơn,Bắc Ninh
1066,267421,100.0,3.676344571962305,3.488018796414736,35.0,1,Quận 1,TP Hồ Chí Minh
1067,267419,34.0,5.0,2.0,165354402.8355484,0,Đống Đa,Hà Nội
1068,267415,60.0,30.0,28.0,135.0,0,Thủ Đức,TP Hồ Chí Minh
1069,267414,85.0,3.0,3.0,165354402.8356218,0,Hóc Môn,TP Hồ Chí Minh
1070,267412,110.0,4.0,4.0,16.0,1,Hai Bà Trưng,Hà Nội
1071,267411,48.0,3.2028578841557263,3.065774772530448,3050000.0,1,Thủ Đức,TP Hồ Chí Minh
1072,267408,42.0,2.0,2.0,4.5,0,Gò Vấp,TP Hồ Chí Minh
1073,267404,80.0,4.0,5.0,8.6,0,Bình Thạnh,TP Hồ Chí Minh
1074,267403,59.0,3.0,3.0,7.6,0,Bình Thạnh,TP Hồ Chí Minh
1075,267401,64.87086127007441,3.356408229313046,3.2028750426270918,4000000.0,1,Thủ Đức,TP Hồ Chí Minh
1076,267398,68.58511325390505,4.0,3.763256016970829,3.5,0,Bình Tân,TP Hồ Chí Minh
1077,267396,58.785495470222315,2.0,2.0,4.1,1,Tân Bình,TP Hồ Chí Minh
1078,267395,66.8270830914635,2.4476771855746793,2.0,165354402.8355956,0,Quận 9,TP Hồ Chí Minh
1079,267392,68.7947322489498,4.0,3.0,5.8,0,Bình Thạnh,TP Hồ Chí Minh
1080,267389,62.0,3.330412644370345,3.1793322384576808,6.9,0,Long Biên,Hà Nội
1081,267387,100.0,2.0,1.0,0.00045,0,Hóc Môn,TP Hồ Chí Minh
1082,267384,27.0,3.0,3.0,2.1,0,Hà Đông,Hà Nội
1083,267383,50.0,4.0,3.0,165354402.83557147,0,Quận 10,TP Hồ Chí Minh
1084,267380,68.0,2.0,2.0,1700000000.0,0,Hóc Môn,TP Hồ Chí Minh
1085,267377,56.0,4.0,4.0,16.0,0,Hai Bà Trưng,Hà Nội
1086,267376,168.0,2.0,2.0,4.7,0,Gò Vấp,TP Hồ Chí Minh
1087,267372,61.0,4.0,5.0,15.9,0,Quận 9,TP Hồ Chí Minh
1088,267370,136.0,6.0,5.5312404612634545,165354402.83569533,0,Hai Bà Trưng,Hà Nội
1089,267369,136.0,4.004069557939644,3.7804586903307102,5.8,0,Tân Bình,TP Hồ Chí Minh
1090,267368,60.0,4.0,4.0,18.5,0,Quận 9,TP Hồ Chí Minh
1091,267367,52.0,4.0,4.0,18.5,0,Quận 9,TP Hồ Chí Minh
1092,267364,128.0,4.0,3.0,5800000.0,0,Tân Bình,TP Hồ Chí Minh
1093,267363,64.0,3.0,4.0,5.95,1,Tân Bình,TP Hồ Chí Minh
1094,267362,20.0,6.0,3.0,11.2,0,Gò Vấp,TP Hồ Chí Minh
1095,267361,42.0,2.0,1.0,1.75,0,Nha Trang,Khánh Hòa
1096,267358,105.0,3.7161067753485084,3.5378064082608267,165354402.83565062,0,Quận 9,TP Hồ Chí Minh
1097,267356,69.91268618926588,3.2841086247215943,3.432181959939208,3400000000.0,0,Quận 3,TP Hồ Chí Minh
1098,267355,72.7334951841021,3.243658315910122,3.5604749937710745,5300000000.0,0,Tân Bình,TP Hồ Chí Minh
1099,267354,71.53877529713864,5.0,5.0,3.2,0,Phú Vang,Thừa Thiên Huế
1100,267353,48.0,4.0,3.0,3.5,0,Hồng Bàng,Hải Phòng
1101,267352,60.0,4.0,3.761516213524149,3.5,1,Thủ Đức,TP Hồ Chí Minh
1102,267349,56.0,3.2757918134982593,3.1305922559405355,8.2,0,Tân Bình,TP Hồ Chí Minh
1103,267348,230.0,10.0,10.0,26.0,0,Tân Phú,TP Hồ Chí Minh
1104,267347,21.0,2.9571703005296457,2.846275690537101,2.8,0,Tân Bình,TP Hồ Chí Minh
1105,267345,20.0,2.9480668287669385,2.838152360039005,1.6,0,Quận 11,TP Hồ Chí Minh
1106,267344,70.0,4.0,3.0,11.7,0,Thanh Xuân,Hà Nội
1107,267343,35.0,6.0,3.0,11.2,0,Gò Vấp,TP Hồ Chí Minh
1108,267340,229.0,4.8506924358879075,4.535928420253272,2.0,0,Long Biên,Hà Nội
1109,267339,28.0,5.0,5.0,9.5,0,Gò Vấp,TP Hồ Chí Minh
1110,267338,60.0,3.0,2.0,165354402.83558577,0,Quận 10,TP Hồ Chí Minh
1111,267337,34.0,4.0,5.0,165354402.83554852,1,Phú Nhuận,TP Hồ Chí Minh
1112,267336,72.0,3.0,2.908054309990504,165354402.8356031,0,Quận 10,TP Hồ Chí Minh
1113,267335,48.0,3.0,2.0,5.0,0,Gò Vấp,TP Hồ Chí Minh
1114,267332,25.0,3.0,3.0,5.8,0,Tân Phú,TP Hồ Chí Minh
1115,267331,40.0,2.0,2.0,3.78,0,Gò Vấp,TP Hồ Chí Minh
1116,267330,66.0,8.0,7.25719893184854,165354402.83559465,0,Quận 2,TP Hồ Chí Minh
1117,267329,339.0,2.0,2.0,4300000.0,0,Tân Bình,TP Hồ Chí Minh
1118,267328,64.86492273016682,3.3564933877812693,3.2026049522726328,3.6,0,Quận 9,TP Hồ Chí Minh
1119,267327,63.28207989119549,3.0,3.0,165354402.83559054,1,Tân Bình,TP Hồ Chí Minh
1120,267326,30.0,3.0333463900130253,2.9285566258952413,165354402.83554265,0,Bình Chánh,TP Hồ Chí Minh
1121,267325,52.0,4.0,4.0,3.15,0,Hoàng Mai,Hà Nội
1122,267324,52.0,3.2336227697114337,3.1072698953891464,165354402.83557433,1,Quận 10,TP Hồ Chí Minh
1123,267323,80.0,4.0,3.765569284002281,3.7,0,Tân Phú,TP Hồ Chí Minh
1124,267322,104.0,4.0,3.7704329685554603,3.7,0,Tân Phú,TP Hồ Chí Minh
1125,267321,44.0,3.1607949952756487,3.042283251936817,165354402.8355628,0,Tân Phú,TP Hồ Chí Minh
1126,267320,160.0,3.0,3.0,4500.0,0,Huế,Thừa Thiên Huế
1127,267318,32.0,3.057308473073814,2.935632352859987,500.0,0,Hóc Môn,TP Hồ Chí Minh
1128,267317,32.0,2.0,2.0,2.8,0,Gò Vấp,TP Hồ Chí Minh
1129,267316,225.0,4.8085233918852825,4.512606060045766,165354402.83582336,0,Quận 3,TP Hồ Chí Minh
1130,267315,52.0,2.0,2.0,165354402.8355742,0,Bình Thạnh,TP Hồ Chí Minh
1131,267312,52.0,3.239377925765253,3.0980989350352157,23.0,0,Long Biên,Hà Nội
1132,267310,56.0,2.0,2.0,1.85,0,Biên Hòa,Đồng Nai
1133,267309,30.0,2.0,2.0,1.85,0,Biên Hòa,Đồng Nai
1134,267308,56.0,2.0,2.0,2936.0,0,Đất Đỏ,Bà Rịa Vũng Tàu
1135,267307,66.58508083582322,2.451147490012747,2.0,2350000.0,0,Thủ Đức,TP Hồ Chí Minh
1136,267306,66.58508083582322,2.451147490012747,2.0,2350000.0,0,Thủ Đức,TP Hồ Chí Minh
1137,267303,63.03658874942422,3.0,3.0,6.2,0,Bình Thạnh,TP Hồ Chí Minh
1138,267300,64.86492272779141,3.3564933878153327,3.2026049521645965,2.0,0,Tân Bình,TP Hồ Chí Minh
1139,267299,64.54363897256871,3.0,2.0,5.6,1,Gò Vấp,TP Hồ Chí Minh
1140,267298,55.0,3.266615181909057,3.12258550714101,2102000.0,1,Thủ Đức,TP Hồ Chí Minh
1141,267296,47.0,4.0,3.0,4.4,0,Bình Tân,TP Hồ Chí Minh
1142,267295,47.0,4.0,3.0,4.4,0,Bình Tân,TP Hồ Chí Minh
1143,267293,41.0,4.0,3.0,6.9,0,Thanh Xuân,Hà Nội
1144,267292,44.0,4.0,3.7582737572411085,4.5,0,Tân Phú,TP Hồ Chí Minh
1145,267291,81.0,2.0,2.0256277204982878,5.7,0,Quận 7,TP Hồ Chí Minh
1146,267287,44.0,4.0,3.7582737572411085,4.5,0,Tân Phú,TP Hồ Chí Minh
1147,267286,80.0,2.38051574405072,5.1003508432330324,32000000000.0,1,Quận 3,TP Hồ Chí Minh
1148,267283,50.0,4.0,3.759489678366541,4.35,0,Hai Bà Trưng,Hà Nội
1149,267282,50.0,4.0,3.759489678366541,4.35,0,Hai Bà Trưng,Hà Nội
1150,267280,120.0,3.858413971680563,3.650485463003826,1080.0,0,Vĩnh Cửu,Đồng Nai
1151,267279,126.0,4.0,2.0,1.08,0,Biên Hòa,Đồng Nai
1152,267278,42.0,2.0,2.017724232940743,3.85,0,Đống Đa,Hà Nội
1153,267276,45.0,4.0,3.758476410772732,4.6,0,Thanh Xuân,Hà Nội
1154,267273,21.0,2.9571703005296457,2.846275690537101,2.8,0,Tân Bình,TP Hồ Chí Minh
1155,267271,55.0,4.0,4.0,3970000.0,0,Huế,Thừa Thiên Huế
1156,267270,72.0,2.0,2.0,1.65,0,Vĩnh Cửu,Đồng Nai
1157,267267,41.0,3.1392397365112137,3.008742299339856,5.9,0,Tân Bình,TP Hồ Chí Minh
1158,267266,40.0,3.130136260735492,3.0006189752365815,120.0,0,Thanh Trì,Hà Nội
1159,267260,110.0,3.7673792910198616,3.569252099116189,5.9,1,Quận 9,TP Hồ Chí Minh
